Time,resid
2022-09-24 16:00:00,0.5353844
2022-09-24 16:30:00,3.2633846
2022-09-24 17:00:00,3.370886
2022-09-24 17:30:00,4.0061827
2022-09-24 18:00:00,2.9298544
2022-09-24 18:30:00,1.278818
2022-09-24 19:00:00,-1.4863975
2022-09-24 19:30:00,2.1558557
2022-09-24 20:00:00,-3.2500043
2022-09-24 20:30:00,-3.0635736
2022-09-24 21:00:00,-9.312931
2022-09-24 21:30:00,-9.049441
2022-09-24 22:00:00,-10.624354
2022-09-24 22:30:00,-8.081073
2022-09-24 23:00:00,-8.021983
2022-09-24 23:30:00,-8.860072
2022-09-25 00:00:00,-11.325457
2022-09-25 00:30:00,-15.07411
2022-09-25 01:00:00,-15.419644
2022-09-25 01:30:00,-15.621957
2022-09-25 02:00:00,-15.824453
2022-09-25 02:30:00,-14.334853
2022-09-25 03:00:00,-14.041564
2022-09-25 03:30:00,-15.359431
2022-09-25 04:00:00,-17.351297
2022-09-25 04:30:00,-22.887104
2022-09-25 05:00:00,-20.086172
2022-09-25 05:30:00,-18.231668
2022-09-25 06:00:00,-16.706856
2022-09-25 06:30:00,-17.461073
2022-09-25 07:00:00,-15.871334
2022-09-25 07:30:00,-16.108887
2022-09-25 08:00:00,-13.452725
2022-09-25 08:30:00,-12.29646
2022-09-25 09:00:00,-14.075768
2022-09-25 09:30:00,-15.798051
2022-09-25 10:00:00,-17.945557
2022-09-25 10:30:00,-14.876043
2022-09-25 11:00:00,-16.489456
2022-09-25 11:30:00,-15.755117
2022-09-25 12:00:00,-17.157654
2022-09-25 12:30:00,-17.512312
2022-09-25 13:00:00,-16.983974
2022-09-25 13:30:00,-16.919075
2022-09-25 14:00:00,-17.54382
2022-09-25 14:30:00,-16.922132
2022-09-25 15:00:00,-16.918367
2022-09-25 15:30:00,-16.57328
2022-09-25 16:00:00,-15.779436
2022-09-25 16:30:00,-18.188702
2022-09-25 17:00:00,-20.529255
2022-09-25 17:30:00,-19.868422
2022-09-25 18:00:00,-21.28644
2022-09-25 18:30:00,-20.12689
2022-09-25 19:00:00,-19.76292
2022-09-25 19:30:00,-18.521929
2022-09-25 20:00:00,-19.236519
2022-09-25 20:30:00,-18.909891
2022-09-25 21:00:00,-18.468029
2022-09-25 21:30:00,-21.162128
2022-09-25 22:00:00,-20.786047
2022-09-25 22:30:00,-20.072565
2022-09-25 23:00:00,-20.098783
2022-09-25 23:30:00,-19.64231
2022-09-26 00:00:00,-21.518097
2022-09-26 00:30:00,-20.84203
2022-09-26 01:00:00,-21.37229
2022-09-26 01:30:00,-21.75022
2022-09-26 02:00:00,-20.800888
2022-09-26 02:30:00,-22.985823
2022-09-26 03:00:00,-22.451431
2022-09-26 03:30:00,-18.432837
2022-09-26 04:00:00,-22.67851
2022-09-26 04:30:00,-20.58551
2022-09-26 05:00:00,-19.670416
2022-09-26 05:30:00,-18.437157
2022-09-26 06:00:00,-19.825539
2022-09-26 06:30:00,-15.377086
2022-09-26 07:00:00,-14.122292
2022-09-26 07:30:00,-18.812654
2022-09-26 08:00:00,-18.978077
2022-09-26 08:30:00,-19.823029
2022-09-26 09:00:00,-19.89519
2022-09-26 09:30:00,-18.92076
2022-09-26 10:00:00,-15.02953
2022-09-26 10:30:00,-16.556576
2022-09-26 11:00:00,-18.482431
2022-09-26 11:30:00,-21.255344
2022-09-26 12:00:00,-20.393257
2022-09-26 12:30:00,-17.976656
2022-09-26 13:00:00,-18.4805
2022-09-26 13:30:00,-19.932447
2022-09-26 14:00:00,-20.622335
2022-09-26 14:30:00,-22.391287
2022-09-26 15:00:00,-17.269758
2022-09-26 15:30:00,-15.648262
2022-09-26 16:00:00,-16.609833
2022-09-26 16:30:00,-17.541147
2022-09-26 17:00:00,-12.616101
2022-09-26 17:30:00,-9.72608
2022-09-26 18:00:00,-8.576314
2022-09-26 18:30:00,-7.3320255
2022-09-26 19:00:00,-5.351575
2022-09-26 19:30:00,-4.853395
2022-09-26 20:00:00,-6.3326406
2022-09-26 20:30:00,-5.7578497
2022-09-26 21:00:00,-5.8533683
2022-09-26 21:30:00,-7.601335
2022-09-26 22:00:00,-9.001102
2022-09-26 22:30:00,-10.453798
2022-09-26 23:00:00,-7.9386563
2022-09-26 23:30:00,-8.231726
2022-09-27 00:00:00,-9.467804
2022-09-27 00:30:00,-17.168652
2022-09-27 01:00:00,-17.460135
2022-09-27 01:30:00,-17.160568
2022-09-27 02:00:00,-13.558227
2022-09-27 02:30:00,-12.723842
2022-09-27 03:00:00,-15.629896
2022-09-27 03:30:00,-16.00679
2022-09-27 04:00:00,-18.70842
2022-09-27 04:30:00,-17.353724
2022-09-27 05:00:00,-13.076943
2022-09-27 05:30:00,-13.059368
2022-09-27 06:00:00,-14.56624
2022-09-27 06:30:00,-9.0538
2022-09-27 07:00:00,-13.629986
2022-09-27 07:30:00,-10.695637
2022-09-27 08:00:00,-7.838397
2022-09-27 08:30:00,-7.5997143
2022-09-27 09:00:00,-5.7607417
2022-09-27 09:30:00,-1.8021504
2022-09-27 10:00:00,-3.4303117
2022-09-27 10:30:00,-7.605191
2022-09-27 11:00:00,-7.904087
2022-09-27 11:30:00,-0.8193948
2022-09-27 12:00:00,0.23484185
2022-09-27 12:30:00,1.5338017
2022-09-27 13:00:00,3.0622382
2022-09-27 13:30:00,2.0530548
2022-09-27 14:00:00,1.3571551
2022-09-27 14:30:00,-1.4961888
2022-09-27 15:00:00,0.9340163
2022-09-27 15:30:00,1.096792
2022-09-27 16:00:00,-2.0111349
2022-09-27 16:30:00,-0.47623944
2022-09-27 17:00:00,2.4348698
2022-09-27 17:30:00,5.269938
2022-09-27 18:00:00,2.794315
2022-09-27 18:30:00,0.033215318
2022-09-27 19:00:00,-0.024777537
2022-09-27 19:30:00,1.5399681
2022-09-27 20:00:00,3.8630614
2022-09-27 20:30:00,4.07197
2022-09-27 21:00:00,5.533088
2022-09-27 21:30:00,6.5163493
2022-09-27 22:00:00,8.740859
2022-09-27 22:30:00,10.157006
2022-09-27 23:00:00,12.1230955
2022-09-27 23:30:00,12.964131
2022-09-28 00:00:00,12.224026
2022-09-28 00:30:00,16.166458
2022-09-28 01:00:00,16.711668
2022-09-28 01:30:00,18.166801
2022-09-28 02:00:00,18.93072
2022-09-28 02:30:00,18.19598
2022-09-28 03:00:00,18.74262
2022-09-28 03:30:00,20.570492
2022-09-28 04:00:00,21.824839
2022-09-28 04:30:00,21.099537
2022-09-28 05:00:00,20.936651
2022-09-28 05:30:00,13.754189
2022-09-28 06:00:00,15.448332
2022-09-28 06:30:00,15.309717
2022-09-28 07:00:00,14.794804
2022-09-28 07:30:00,11.356643
2022-09-28 08:00:00,7.22082
2022-09-28 08:30:00,7.6527896
2022-09-28 09:00:00,10.702962
2022-09-28 09:30:00,13.413503
2022-09-28 10:00:00,10.094035
2022-09-28 10:30:00,7.0951586
2022-09-28 11:00:00,7.6580753
2022-09-28 11:30:00,7.3079157
2022-09-28 12:00:00,6.8299
2022-09-28 12:30:00,4.500929
2022-09-28 13:00:00,4.969211
2022-09-28 13:30:00,0.046880446
2022-09-28 14:00:00,-1.447182
2022-09-28 14:30:00,-1.9513152
2022-09-28 15:00:00,-4.3529773
2022-09-28 15:30:00,-6.6962523
2022-09-28 16:00:00,-7.3768697
2022-09-28 16:30:00,-9.592472
2022-09-28 17:00:00,-8.174238
2022-09-28 17:30:00,-11.493337
2022-09-28 18:00:00,-7.745698
2022-09-28 18:30:00,-8.104761
2022-09-28 19:00:00,-9.134631
2022-09-28 19:30:00,-11.215421
2022-09-28 20:00:00,-12.053459
2022-09-28 20:30:00,-12.282983
2022-09-28 21:00:00,-11.358058
2022-09-28 21:30:00,-11.257885
2022-09-28 22:00:00,-10.77328
2022-09-28 22:30:00,-12.544783
2022-09-28 23:00:00,-10.530871
2022-09-28 23:30:00,-11.212366
2022-09-29 00:00:00,-10.8418665
2022-09-29 00:30:00,-8.0709715
2022-09-29 01:00:00,-6.0287657
2022-09-29 01:30:00,-7.8230605
2022-09-29 02:00:00,-9.263947
2022-09-29 02:30:00,-9.396049
2022-09-29 03:00:00,-11.453891
2022-09-29 03:30:00,-12.051116
2022-09-29 04:00:00,-10.863553
2022-09-29 04:30:00,-8.370608
2022-09-29 05:00:00,-10.872077
2022-09-29 05:30:00,-10.446332
2022-09-29 06:00:00,-11.203517
2022-09-29 06:30:00,-11.08908
2022-09-29 07:00:00,-10.0046
2022-09-29 07:30:00,-4.8272743
2022-09-29 08:00:00,-1.4702882
2022-09-29 08:30:00,-0.73096323
2022-09-29 09:00:00,0.079785064
2022-09-29 09:30:00,1.9752449
2022-09-29 10:00:00,3.9615226
2022-09-29 10:30:00,-0.52014834
2022-09-29 11:00:00,-2.900213
2022-09-29 11:30:00,-3.2979279
2022-09-29 12:00:00,4.4633956
2022-09-29 12:30:00,10.095155
2022-09-29 13:00:00,19.86301
2022-09-29 13:30:00,18.463022
2022-09-29 14:00:00,12.047155
2022-09-29 14:30:00,7.1689396
2022-09-29 15:00:00,11.013899
2022-09-29 15:30:00,13.290643
2022-09-29 16:00:00,15.749348
2022-09-29 16:30:00,15.655486
2022-09-29 17:00:00,14.652411
2022-09-29 17:30:00,11.933704
2022-09-29 18:00:00,13.9263
2022-09-29 18:30:00,14.710061
2022-09-29 19:00:00,15.048639
2022-09-29 19:30:00,16.056341
2022-09-29 20:00:00,15.401824
2022-09-29 20:30:00,16.188828
2022-09-29 21:00:00,15.153924
2022-09-29 21:30:00,14.415205
2022-09-29 22:00:00,11.227602
2022-09-29 22:30:00,10.8642645
2022-09-29 23:00:00,10.092476
2022-09-29 23:30:00,10.817388
2022-09-30 00:00:00,9.778852
2022-09-30 00:30:00,10.121077
2022-09-30 01:00:00,11.205261
2022-09-30 01:30:00,11.56371
2022-09-30 02:00:00,12.174146
2022-09-30 02:30:00,12.455095
2022-09-30 03:00:00,6.780532
2022-09-30 03:30:00,0.57397896
2022-09-30 04:00:00,-0.433688
2022-09-30 04:30:00,1.0961276
2022-09-30 05:00:00,5.0519094
2022-09-30 05:30:00,2.945155
2022-09-30 06:00:00,2.6803584
2022-09-30 06:30:00,1.8126714
2022-09-30 07:00:00,3.5794117
2022-09-30 07:30:00,4.259036
2022-09-30 08:00:00,3.3965266
2022-09-30 08:30:00,4.4252486
2022-09-30 09:00:00,2.661563
2022-09-30 09:30:00,3.7580657
2022-09-30 10:00:00,8.317958
2022-09-30 10:30:00,8.385631
2022-09-30 11:00:00,5.0612965
2022-09-30 11:30:00,3.5990882
2022-09-30 12:00:00,0.6813287
2022-09-30 12:30:00,0.01685327
2022-09-30 13:00:00,0.79815924
2022-09-30 13:30:00,-0.32909292
2022-09-30 14:00:00,2.9756045
2022-09-30 14:30:00,2.811782
2022-09-30 15:00:00,10.364074
2022-09-30 15:30:00,10.576145
2022-09-30 16:00:00,11.361617
2022-09-30 16:30:00,10.46455
2022-09-30 17:00:00,9.8663025
2022-09-30 17:30:00,9.072548
2022-09-30 18:00:00,7.2297378
2022-09-30 18:30:00,-13.222465
2022-09-30 19:00:00,-9.20352
2022-09-30 19:30:00,-9.966662
2022-09-30 20:00:00,-14.958933
2022-09-30 20:30:00,-17.73977
2022-09-30 21:00:00,-15.149223
2022-09-30 21:30:00,-13.709709
2022-09-30 22:00:00,-10.2780905
2022-09-30 22:30:00,-10.681235
2022-09-30 23:00:00,-10.676747
2022-09-30 23:30:00,-8.203023
2022-10-01 00:00:00,-8.426983
2022-10-01 00:30:00,-9.930638
2022-10-01 01:00:00,-9.284854
2022-10-01 01:30:00,-9.578349
2022-10-01 02:00:00,-7.680748
2022-10-01 02:30:00,-5.268436
2022-10-01 03:00:00,-5.6667356
2022-10-01 03:30:00,-7.345723
2022-10-01 04:00:00,-7.087295
2022-10-01 04:30:00,-5.468391
2022-10-01 05:00:00,-5.0761423
2022-10-01 05:30:00,-4.8131075
2022-10-01 06:00:00,-6.491539
2022-10-01 06:30:00,-4.116695
2022-10-01 07:00:00,-3.1467774
2022-10-01 07:30:00,-4.056561
2022-10-01 08:00:00,-4.748374
2022-10-01 08:30:00,-5.4590764
2022-10-01 09:00:00,-5.649713
2022-10-01 09:30:00,-5.010026
2022-10-01 10:00:00,-10.575564
2022-10-01 10:30:00,-12.383134
2022-10-01 11:00:00,-13.324291
2022-10-01 11:30:00,-15.239582
2022-10-01 12:00:00,-19.432423
2022-10-01 12:30:00,-18.42711
2022-10-01 13:00:00,-18.048721
2022-10-01 13:30:00,-15.721779
2022-10-01 14:00:00,-9.732738
2022-10-01 14:30:00,-9.423357
2022-10-01 15:00:00,-10.644211
2022-10-01 15:30:00,-15.873287
2022-10-01 16:00:00,-17.356583
2022-10-01 16:30:00,-15.462543
2022-10-01 17:00:00,-16.332678
2022-10-01 17:30:00,-13.791614
2022-10-01 18:00:00,-12.02179
2022-10-01 18:30:00,-13.300333
2022-10-01 19:00:00,-15.688015
2022-10-01 19:30:00,-14.824433
2022-10-01 20:00:00,-15.654237
2022-10-01 20:30:00,-12.368577
2022-10-01 21:00:00,-8.898613
2022-10-01 21:30:00,-8.108371
2022-10-01 22:00:00,-7.201812
2022-10-01 22:30:00,-7.9887605
2022-10-01 23:00:00,-6.937495
2022-10-01 23:30:00,-8.782215
2022-10-02 00:00:00,-9.778159
2022-10-02 00:30:00,-3.3203192
2022-10-02 01:00:00,-3.708268
2022-10-02 01:30:00,-3.7892373
2022-10-02 02:00:00,-3.2584379
2022-10-02 02:30:00,-4.3558183
2022-10-02 03:00:00,-4.914179
2022-10-02 03:30:00,-10.090115
2022-10-02 04:00:00,-16.159609
2022-10-02 04:30:00,-15.581001
2022-10-02 05:00:00,-13.560349
2022-10-02 05:30:00,-14.597748
2022-10-02 06:00:00,-11.1701145
2022-10-02 06:30:00,-11.157846
2022-10-02 07:00:00,-13.380584
2022-10-02 07:30:00,-15.534569
2022-10-02 08:00:00,-17.652718
2022-10-02 08:30:00,-15.815236
2022-10-02 09:00:00,-12.369927
2022-10-02 09:30:00,-13.335692
2022-10-02 10:00:00,-13.125788
2022-10-02 10:30:00,-15.723115
2022-10-02 11:00:00,-13.710405
2022-10-02 11:30:00,-11.965323
2022-10-02 12:00:00,-14.546751
2022-10-02 12:30:00,-13.96118
2022-10-02 13:00:00,-17.071287
2022-10-02 13:30:00,-18.211678
2022-10-02 14:00:00,-12.996017
2022-10-02 14:30:00,-10.292828
2022-10-02 15:00:00,-8.008617
2022-10-02 15:30:00,-5.738971
2022-10-02 16:00:00,-4.739377
2022-10-02 16:30:00,-3.8301423
2022-10-02 17:00:00,-5.633091
2022-10-02 17:30:00,-5.7163343
2022-10-02 18:00:00,-6.09433
2022-10-02 18:30:00,-9.66256
2022-10-02 19:00:00,-9.974013
2022-10-02 19:30:00,-13.605205
2022-10-02 20:00:00,-12.243511
2022-10-02 20:30:00,-13.353917
2022-10-02 21:00:00,-11.611413
2022-10-02 21:30:00,-10.341719
2022-10-02 22:00:00,-11.68636
2022-10-02 22:30:00,-11.515447
2022-10-02 23:00:00,-14.237746
2022-10-02 23:30:00,-15.464922
2022-10-03 00:00:00,-15.337155
2022-10-03 00:30:00,-17.036177
2022-10-03 01:00:00,-18.304182
2022-10-03 01:30:00,-19.135303
2022-10-03 02:00:00,-18.94293
2022-10-03 02:30:00,-19.282486
2022-10-03 03:00:00,-16.825619
2022-10-03 03:30:00,-15.669046
2022-10-03 04:00:00,-13.355734
2022-10-03 04:30:00,-12.942834
2022-10-03 05:00:00,-10.579532
2022-10-03 05:30:00,-10.040205
2022-10-03 06:00:00,-5.8447037
2022-10-03 06:30:00,-5.5267158
2022-10-03 07:00:00,-3.422813
2022-10-03 07:30:00,-1.7103757
2022-10-03 08:00:00,-1.7080939
2022-10-03 08:30:00,-0.26579288
2022-10-03 09:00:00,1.443175
2022-10-03 09:30:00,-0.5207982
2022-10-03 10:00:00,-1.1074347
2022-10-03 10:30:00,-0.35840887
2022-10-03 11:00:00,-0.1007932
2022-10-03 11:30:00,-0.96633196
2022-10-03 12:00:00,-2.3318448
2022-10-03 12:30:00,-2.927164
2022-10-03 13:00:00,-3.4189284
2022-10-03 13:30:00,-3.615078
2022-10-03 14:00:00,-2.7045002
2022-10-03 14:30:00,-4.585006
2022-10-03 15:00:00,-5.075817
2022-10-03 15:30:00,-5.486302
2022-10-03 16:00:00,-4.818606
2022-10-03 16:30:00,-4.2711124
2022-10-03 17:00:00,-3.529567
2022-10-03 17:30:00,-3.986091
2022-10-03 18:00:00,-2.158996
2022-10-03 18:30:00,-3.553511
2022-10-03 19:00:00,-3.3745825
2022-10-03 19:30:00,0.03076751
2022-10-03 20:00:00,1.8487604
2022-10-03 20:30:00,1.4048982
2022-10-03 21:00:00,1.4314342
2022-10-03 21:30:00,4.8259025
2022-10-03 22:00:00,5.4525127
2022-10-03 22:30:00,5.89301
2022-10-03 23:00:00,6.154377
2022-10-03 23:30:00,2.9127052
2022-10-04 00:00:00,3.4534976
2022-10-04 00:30:00,4.754974
2022-10-04 01:00:00,6.6269917
2022-10-04 01:30:00,8.871366
2022-10-04 02:00:00,8.398158
2022-10-04 02:30:00,8.564385
2022-10-04 03:00:00,9.64483
2022-10-04 03:30:00,8.486237
2022-10-04 04:00:00,8.743069
2022-10-04 04:30:00,8.428081
2022-10-04 05:00:00,7.7290254
2022-10-04 05:30:00,7.6271057
2022-10-04 06:00:00,7.9491696
2022-10-04 06:30:00,4.7820225
2022-10-04 07:00:00,2.9689472
2022-10-04 07:30:00,2.6848207
2022-10-04 08:00:00,3.9248993
2022-10-04 08:30:00,4.6140695
2022-10-04 09:00:00,-0.8850813
2022-10-04 09:30:00,-0.4044154
2022-10-04 10:00:00,-2.095866
2022-10-04 10:30:00,-2.7067423
2022-10-04 11:00:00,-2.2042375
2022-10-04 11:30:00,-0.8878324
2022-10-04 12:00:00,-1.2269117
2022-10-04 12:30:00,-0.016524304
2022-10-04 13:00:00,1.4112091
2022-10-04 13:30:00,3.6476111
2022-10-04 14:00:00,7.575283
2022-10-04 14:30:00,9.084145
2022-10-04 15:00:00,10.111661
2022-10-04 15:30:00,8.910776
2022-10-04 16:00:00,7.3309712
2022-10-04 16:30:00,6.5988383
2022-10-04 17:00:00,5.0131345
2022-10-04 17:30:00,5.170148
2022-10-04 18:00:00,8.0838785
2022-10-04 18:30:00,8.850873
2022-10-04 19:00:00,6.6089544
2022-10-04 19:30:00,5.3508816
2022-10-04 20:00:00,4.1329126
2022-10-04 20:30:00,7.788748
2022-10-04 21:00:00,7.9685497
2022-10-04 21:30:00,7.609018
2022-10-04 22:00:00,9.681208
2022-10-04 22:30:00,9.238746
2022-10-04 23:00:00,10.811099
2022-10-04 23:30:00,11.624753
2022-10-05 00:00:00,12.748977
2022-10-05 00:30:00,11.548272
2022-10-05 01:00:00,11.039987
2022-10-05 01:30:00,10.006882
2022-10-05 02:00:00,10.8625965
2022-10-05 02:30:00,11.419708
2022-10-05 03:00:00,11.572952
2022-10-05 03:30:00,9.796774
2022-10-05 04:00:00,8.860498
2022-10-05 04:30:00,10.402654
2022-10-05 05:00:00,9.422057
2022-10-05 05:30:00,11.025437
2022-10-05 06:00:00,10.641586
2022-10-05 06:30:00,12.093029
2022-10-05 07:00:00,12.511352
2022-10-05 07:30:00,11.677652
2022-10-05 08:00:00,12.478468
2022-10-05 08:30:00,12.818252
2022-10-05 09:00:00,12.513055
2022-10-05 09:30:00,9.88678
2022-10-05 10:00:00,8.457376
2022-10-05 10:30:00,7.172485
2022-10-05 11:00:00,4.611961
2022-10-05 11:30:00,4.853471
2022-10-05 12:00:00,5.3443904
2022-10-05 12:30:00,4.9803023
2022-10-05 13:00:00,5.6135697
2022-10-05 13:30:00,5.4035926
2022-10-05 14:00:00,5.3814178
2022-10-05 14:30:00,5.8466535
2022-10-05 15:00:00,5.6988173
2022-10-05 15:30:00,3.9176137
2022-10-05 16:00:00,4.4298196
2022-10-05 16:30:00,2.860832
2022-10-05 17:00:00,4.6718206
2022-10-05 17:30:00,2.3392174
2022-10-05 18:00:00,2.9769404
2022-10-05 18:30:00,3.498136
2022-10-05 19:00:00,0.14781827
2022-10-05 19:30:00,4.13588
2022-10-05 20:00:00,6.3194776
2022-10-05 20:30:00,10.626091
2022-10-05 21:00:00,9.604719
2022-10-05 21:30:00,9.485592
2022-10-05 22:00:00,9.941816
2022-10-05 22:30:00,10.276429
2022-10-05 23:00:00,9.72911
2022-10-05 23:30:00,9.178836
2022-10-06 00:00:00,11.262347
2022-10-06 00:30:00,12.0735035
2022-10-06 01:00:00,13.4771385
2022-10-06 01:30:00,18.10066
2022-10-06 02:00:00,17.844873
2022-10-06 02:30:00,14.943549
2022-10-06 03:00:00,13.712445
2022-10-06 03:30:00,10.483309
2022-10-06 04:00:00,10.447248
2022-10-06 04:30:00,7.0932593
2022-10-06 05:00:00,8.4017105
2022-10-06 05:30:00,5.5674367
2022-10-06 06:00:00,1.0637574
2022-10-06 06:30:00,1.1683849
2022-10-06 07:00:00,4.3986044
2022-10-06 07:30:00,4.5040913
2022-10-06 08:00:00,6.166695
2022-10-06 08:30:00,5.51321
2022-10-06 09:00:00,6.069671
2022-10-06 09:30:00,4.7789607
2022-10-06 10:00:00,5.0926776
2022-10-06 10:30:00,2.6465366
2022-10-06 11:00:00,2.4716735
2022-10-06 11:30:00,1.9713746
2022-10-06 12:00:00,3.0113974
2022-10-06 12:30:00,0.16225602
2022-10-06 13:00:00,0.9318501
2022-10-06 13:30:00,1.6975522
2022-10-06 14:00:00,1.9870147
2022-10-06 14:30:00,1.2497042
2022-10-06 15:00:00,-0.92245555
2022-10-06 15:30:00,-0.81349915
2022-10-06 16:00:00,1.6413031
2022-10-06 16:30:00,1.4268274
2022-10-06 17:00:00,1.7188026
2022-10-06 17:30:00,1.2099617
2022-10-06 18:00:00,-0.64398295
2022-10-06 18:30:00,0.43555135
2022-10-06 19:00:00,2.1672642
2022-10-06 19:30:00,1.7074951
2022-10-06 20:00:00,3.317063
2022-10-06 20:30:00,3.7387578
2022-10-06 21:00:00,0.009091041
2022-10-06 21:30:00,0.4472994
2022-10-06 22:00:00,0.012658055
2022-10-06 22:30:00,0.90210813
2022-10-06 23:00:00,2.2822897
2022-10-06 23:30:00,4.7173033
2022-10-07 00:00:00,4.5854683
2022-10-07 00:30:00,6.61185
2022-10-07 01:00:00,7.5608053
2022-10-07 01:30:00,8.984218
2022-10-07 02:00:00,9.193538
2022-10-07 02:30:00,12.51603
2022-10-07 03:00:00,14.512316
2022-10-07 03:30:00,13.179336
2022-10-07 04:00:00,14.612366
2022-10-07 04:30:00,15.807474
2022-10-07 05:00:00,16.216972
2022-10-07 05:30:00,16.320972
2022-10-07 06:00:00,17.514463
2022-10-07 06:30:00,16.134317
2022-10-07 07:00:00,14.552442
2022-10-07 07:30:00,12.100278
2022-10-07 08:00:00,11.423643
2022-10-07 08:30:00,7.065698
2022-10-07 09:00:00,7.407857
2022-10-07 09:30:00,8.719226
2022-10-07 10:00:00,8.306124
2022-10-07 10:30:00,9.769661
2022-10-07 11:00:00,10.270884
2022-10-07 11:30:00,5.540049
2022-10-07 12:00:00,4.1259446
2022-10-07 12:30:00,1.7363344
2022-10-07 13:00:00,2.728051
2022-10-07 13:30:00,0.5169717
2022-10-07 14:00:00,1.8321961
2022-10-07 14:30:00,1.8580967
2022-10-07 15:00:00,1.028701
2022-10-07 15:30:00,-0.96310073
2022-10-07 16:00:00,-1.5091535
2022-10-07 16:30:00,-2.00373
2022-10-07 17:00:00,-3.190412
2022-10-07 17:30:00,-1.9224253
2022-10-07 18:00:00,-4.525605
2022-10-07 18:30:00,-3.1304407
2022-10-07 19:00:00,-3.3396597
2022-10-07 19:30:00,-4.4020486
2022-10-07 20:00:00,-4.478375
2022-10-07 20:30:00,-3.9794948
2022-10-07 21:00:00,-0.87220687
2022-10-07 21:30:00,1.2538922
2022-10-07 22:00:00,-0.88908154
2022-10-07 22:30:00,1.5300975
2022-10-07 23:00:00,0.06278399
2022-10-07 23:30:00,0.94574267
2022-10-08 00:00:00,1.9806604
2022-10-08 00:30:00,-0.18241571
2022-10-08 01:00:00,-1.690461
2022-10-08 01:30:00,-2.8487802
2022-10-08 02:00:00,-3.3421183
2022-10-08 02:30:00,-5.1769643
2022-10-08 03:00:00,-4.7975397
2022-10-08 03:30:00,-10.043462
2022-10-08 04:00:00,-7.8865843
2022-10-08 04:30:00,-7.9355083
2022-10-08 05:00:00,-8.58947
2022-10-08 05:30:00,-8.667345
2022-10-08 06:00:00,-7.346586
2022-10-08 06:30:00,-5.248875
2022-10-08 07:00:00,-7.1342006
2022-10-08 07:30:00,-7.069695
2022-10-08 08:00:00,-5.5867953
2022-10-08 08:30:00,-4.773982
2022-10-08 09:00:00,-5.998295
2022-10-08 09:30:00,-9.015349
2022-10-08 10:00:00,-8.213421
2022-10-08 10:30:00,-9.637609
2022-10-08 11:00:00,-8.001418
2022-10-08 11:30:00,-12.286189
2022-10-08 12:00:00,-12.225243
2022-10-08 12:30:00,-13.096349
2022-10-08 13:00:00,-15.652074
2022-10-08 13:30:00,-15.464961
2022-10-08 14:00:00,-15.717353
2022-10-08 14:30:00,-14.491538
2022-10-08 15:00:00,-17.522121
2022-10-08 15:30:00,-18.123018
2022-10-08 16:00:00,-16.414606
2022-10-08 16:30:00,-14.714434
2022-10-08 17:00:00,-12.373155
2022-10-08 17:30:00,-13.898703
2022-10-08 18:00:00,-15.593413
2022-10-08 18:30:00,-12.839252
2022-10-08 19:00:00,-11.613677
2022-10-08 19:30:00,-15.777627
2022-10-08 20:00:00,-12.889123
2022-10-08 20:30:00,-14.308722
2022-10-08 21:00:00,-15.695171
2022-10-08 21:30:00,-16.196268
2022-10-08 22:00:00,-16.49584
2022-10-08 22:30:00,-17.07933
2022-10-08 23:00:00,-15.121568
2022-10-08 23:30:00,-10.042584
2022-10-09 00:00:00,-20.939667
2022-10-09 00:30:00,-22.11916
2022-10-09 01:00:00,-22.08466
2022-10-09 01:30:00,-22.230394
2022-10-09 02:00:00,-21.537546
2022-10-09 02:30:00,-23.927795
2022-10-09 03:00:00,-27.019136
2022-10-09 03:30:00,-25.897165
2022-10-09 04:00:00,-23.077576
2022-10-09 04:30:00,-22.102665
2022-10-09 05:00:00,-23.32055
2022-10-09 05:30:00,-23.82972
2022-10-09 06:00:00,-23.56665
2022-10-09 06:30:00,-25.33374
2022-10-09 07:00:00,-26.384768
2022-10-09 07:30:00,-27.010422
2022-10-09 08:00:00,-26.332998
2022-10-09 08:30:00,-28.586206
2022-10-09 09:00:00,-29.845491
2022-10-09 09:30:00,-25.683323
2022-10-09 10:00:00,-23.216974
2022-10-09 10:30:00,-25.057552
2022-10-09 11:00:00,-30.026955
2022-10-09 11:30:00,-34.718445
2022-10-09 12:00:00,-35.717003
2022-10-09 12:30:00,-35.530815
2022-10-09 13:00:00,-34.967705
2022-10-09 13:30:00,-33.10824
2022-10-09 14:00:00,-31.738358
2022-10-09 14:30:00,-31.70799
2022-10-09 15:00:00,-31.782333
2022-10-09 15:30:00,-31.49567
2022-10-09 16:00:00,-30.106657
2022-10-09 16:30:00,-29.535406
2022-10-09 17:00:00,-29.621271
2022-10-09 17:30:00,-29.150713
2022-10-09 18:00:00,-27.935488
2022-10-09 18:30:00,-27.374119
2022-10-09 19:00:00,-29.123993
2022-10-09 19:30:00,-29.106995
2022-10-09 20:00:00,-30.06319
2022-10-09 20:30:00,-30.83402
2022-10-09 21:00:00,-30.899246
2022-10-09 21:30:00,-30.675205
2022-10-09 22:00:00,-26.521635
2022-10-09 22:30:00,-31.190182
2022-10-09 23:00:00,-28.821203
2022-10-09 23:30:00,-27.326405
2022-10-10 00:00:00,-27.79064
2022-10-10 00:30:00,-25.364439
2022-10-10 01:00:00,-25.828642
2022-10-10 01:30:00,-23.036171
2022-10-10 02:00:00,-17.880728
2022-10-10 02:30:00,-16.443508
2022-10-10 03:00:00,-18.87632
2022-10-10 03:30:00,-18.369062
2022-10-10 04:00:00,-16.8045
2022-10-10 04:30:00,-14.589317
2022-10-10 05:00:00,-13.917491
2022-10-10 05:30:00,-17.438787
2022-10-10 06:00:00,-14.789784
2022-10-10 06:30:00,-13.871069
2022-10-10 07:00:00,-16.637802
2022-10-10 07:30:00,-14.230579
2022-10-10 08:00:00,-13.207215
2022-10-10 08:30:00,-15.518723
2022-10-10 09:00:00,-10.585171
2022-10-10 09:30:00,-10.045389
2022-10-10 10:00:00,-12.633369
2022-10-10 10:30:00,-15.931519
2022-10-10 11:00:00,-14.989881
2022-10-10 11:30:00,-14.586212
2022-10-10 12:00:00,-17.315268
2022-10-10 12:30:00,-16.601908
2022-10-10 13:00:00,-16.360924
2022-10-10 13:30:00,-21.0259
2022-10-10 14:00:00,-22.439423
2022-10-10 14:30:00,-23.395058
2022-10-10 15:00:00,-11.980776
2022-10-10 15:30:00,-19.606
2022-10-10 16:00:00,-21.330996
2022-10-10 16:30:00,-16.250254
2022-10-10 17:00:00,-16.824419
2022-10-10 17:30:00,-14.606596
2022-10-10 18:00:00,-15.334332
2022-10-10 18:30:00,-16.181028
2022-10-10 19:00:00,-15.90708
2022-10-10 19:30:00,-13.6632185
2022-10-10 20:00:00,-14.051428
2022-10-10 20:30:00,-11.781633
2022-10-10 21:00:00,-12.903438
2022-10-10 21:30:00,-12.816133
2022-10-10 22:00:00,-11.066523
2022-10-10 22:30:00,-13.380475
2022-10-10 23:00:00,-15.817904
2022-10-10 23:30:00,-14.192588
2022-10-11 00:00:00,-15.616751
2022-10-11 00:30:00,-17.451452
2022-10-11 01:00:00,-18.129755
2022-10-11 01:30:00,-16.07347
2022-10-11 02:00:00,-15.653974
2022-10-11 02:30:00,-15.926095
2022-10-11 03:00:00,-9.056056
2022-10-11 03:30:00,-15.933389
2022-10-11 04:00:00,-19.004353
2022-10-11 04:30:00,-20.640875
2022-10-11 05:00:00,-21.471899
2022-10-11 05:30:00,-21.96266
2022-10-11 06:00:00,-21.592535
2022-10-11 06:30:00,-21.127783
2022-10-11 07:00:00,-22.97762
2022-10-11 07:30:00,-24.200607
2022-10-11 08:00:00,-24.373629
2022-10-11 08:30:00,-24.696949
2022-10-11 09:00:00,-25.523579
2022-10-11 09:30:00,-25.197443
2022-10-11 10:00:00,-23.141384
2022-10-11 10:30:00,-20.83531
2022-10-11 11:00:00,-20.566462
2022-10-11 11:30:00,-21.202406
2022-10-11 12:00:00,-20.748959
2022-10-11 12:30:00,-19.205538
2022-10-11 13:00:00,-18.663317
2022-10-11 13:30:00,-17.324444
2022-10-11 14:00:00,-16.607962
2022-10-11 14:30:00,-16.347797
2022-10-11 15:00:00,-16.963179
2022-10-11 15:30:00,-16.60377
2022-10-11 16:00:00,-17.196226
2022-10-11 16:30:00,-17.269314
2022-10-11 17:00:00,-16.241783
2022-10-11 17:30:00,-12.505683
2022-10-11 18:00:00,-11.96298
2022-10-11 18:30:00,-12.169398
2022-10-11 19:00:00,-9.0488825
2022-10-11 19:30:00,-7.3879066
2022-10-11 20:00:00,-6.905558
2022-10-11 20:30:00,-7.9106402
2022-10-11 21:00:00,-9.858598
2022-10-11 21:30:00,-9.542347
2022-10-11 22:00:00,-10.582944
2022-10-11 22:30:00,-11.901006
2022-10-11 23:00:00,-12.469681
2022-10-11 23:30:00,-6.0954995
2022-10-12 00:00:00,0.44359156
2022-10-12 00:30:00,1.5090997
2022-10-12 01:00:00,2.1001194
2022-10-12 01:30:00,0.7677097
2022-10-12 02:00:00,2.9798937
2022-10-12 02:30:00,4.2220736
2022-10-12 03:00:00,6.2217674
2022-10-12 03:30:00,8.228595
2022-10-12 04:00:00,9.233727
2022-10-12 04:30:00,10.477894
2022-10-12 05:00:00,9.776051
2022-10-12 05:30:00,8.923029
2022-10-12 06:00:00,6.72702
2022-10-12 06:30:00,7.0433574
2022-10-12 07:00:00,4.475317
2022-10-12 07:30:00,2.975648
2022-10-12 08:00:00,0.23608743
2022-10-12 08:30:00,-1.2725824
2022-10-12 09:00:00,-4.837784
2022-10-12 09:30:00,-3.1031032
2022-10-12 10:00:00,-0.96698904
2022-10-12 10:30:00,-13.562386
2022-10-12 11:00:00,-18.468452
2022-10-12 11:30:00,-18.544092
2022-10-12 12:00:00,-13.733421
2022-10-12 12:30:00,-13.665298
2022-10-12 13:00:00,-13.443009
2022-10-12 13:30:00,-14.802956
2022-10-12 14:00:00,-17.920464
2022-10-12 14:30:00,-11.777933
2022-10-12 15:00:00,-14.1516
2022-10-12 15:30:00,-13.819885
2022-10-12 16:00:00,-14.684449
2022-10-12 16:30:00,-12.716657
2022-10-12 17:00:00,-11.041763
2022-10-12 17:30:00,-11.14091
2022-10-12 18:00:00,-8.193763
2022-10-12 18:30:00,-5.2237906
2022-10-12 19:00:00,-5.385158
2022-10-12 19:30:00,-4.8322134
2022-10-12 20:00:00,-6.9087243
2022-10-12 20:30:00,-6.362473
2022-10-12 21:00:00,-3.3063796
2022-10-12 21:30:00,-2.7386432
2022-10-12 22:00:00,-2.1150727
2022-10-12 22:30:00,-0.25998384
2022-10-12 23:00:00,-1.5020628
2022-10-12 23:30:00,-0.91743356
2022-10-13 00:00:00,-4.7598696
2022-10-13 00:30:00,-5.2358418
2022-10-13 01:00:00,-5.572683
2022-10-13 01:30:00,-8.375291
2022-10-13 02:00:00,-13.143511
2022-10-13 02:30:00,-10.246907
2022-10-13 03:00:00,-10.9641485
2022-10-13 03:30:00,-8.908769
2022-10-13 04:00:00,-10.772125
2022-10-13 04:30:00,-12.65313
2022-10-13 05:00:00,-12.892595
2022-10-13 05:30:00,-10.715335
2022-10-13 06:00:00,-9.9091
2022-10-13 06:30:00,-12.133566
2022-10-13 07:00:00,-12.324549
2022-10-13 07:30:00,-14.104383
2022-10-13 08:00:00,-10.481063
2022-10-13 08:30:00,-12.381206
2022-10-13 09:00:00,-11.03851
2022-10-13 09:30:00,-13.754023
2022-10-13 10:00:00,-13.278664
2022-10-13 10:30:00,-13.564783
2022-10-13 11:00:00,-12.398564
2022-10-13 11:30:00,-12.520066
2022-10-13 12:00:00,-10.450505
2022-10-13 12:30:00,-12.531855
2022-10-13 13:00:00,-13.505238
2022-10-13 13:30:00,-12.840679
2022-10-13 14:00:00,-12.575882
2022-10-13 14:30:00,-12.694858
2022-10-13 15:00:00,-10.765569
2022-10-13 15:30:00,-13.17717
2022-10-13 16:00:00,-10.122459
2022-10-13 16:30:00,-9.6139
2022-10-13 17:00:00,-10.183283
2022-10-13 17:30:00,-8.606204
2022-10-13 18:00:00,-9.609202
2022-10-13 18:30:00,-8.874958
2022-10-13 19:00:00,-8.0950165
2022-10-13 19:30:00,-8.304816
2022-10-13 20:00:00,-10.268378
2022-10-13 20:30:00,-15.424222
2022-10-13 21:00:00,-18.097006
2022-10-13 21:30:00,-17.169146
2022-10-13 22:00:00,-12.962969
2022-10-13 22:30:00,-6.3604474
2022-10-13 23:00:00,-2.8703916
2022-10-13 23:30:00,-1.6128966
2022-10-14 00:00:00,-1.89312
2022-10-14 00:30:00,-2.9452808
2022-10-14 01:00:00,-4.226933
2022-10-14 01:30:00,-5.4740953
2022-10-14 02:00:00,-2.3422606
2022-10-14 02:30:00,-8.450148
2022-10-14 03:00:00,-8.084932
2022-10-14 03:30:00,-8.972358
2022-10-14 04:00:00,-7.797698
2022-10-14 04:30:00,-11.534593
2022-10-14 05:00:00,-6.8962073
2022-10-14 05:30:00,-6.5089192
2022-10-14 06:00:00,-5.778671
2022-10-14 06:30:00,-5.0245504
2022-10-14 07:00:00,-5.4729834
2022-10-14 07:30:00,-7.345362
2022-10-14 08:00:00,-10.495108
2022-10-14 08:30:00,-10.811929
2022-10-14 09:00:00,-16.389875
2022-10-14 09:30:00,-16.541561
2022-10-14 10:00:00,-15.86095
2022-10-14 10:30:00,-21.068815
2022-10-14 11:00:00,-22.53591
2022-10-14 11:30:00,-25.589413
2022-10-14 12:00:00,-24.58309
2022-10-14 12:30:00,-22.017637
2022-10-14 13:00:00,-22.667841
2022-10-14 13:30:00,-22.729116
2022-10-14 14:00:00,-20.929237
2022-10-14 14:30:00,-20.501501
2022-10-14 15:00:00,-19.640144
2022-10-14 15:30:00,-15.670209
2022-10-14 16:00:00,-16.92907
2022-10-14 16:30:00,-14.307108
2022-10-14 17:00:00,-13.401957
2022-10-14 17:30:00,-13.78454
2022-10-14 18:00:00,-10.646247
2022-10-14 18:30:00,-11.806584
2022-10-14 19:00:00,-14.254556
2022-10-14 19:30:00,-13.127585
2022-10-14 20:00:00,-15.789741
2022-10-14 20:30:00,-17.72561
2022-10-14 21:00:00,-19.528505
2022-10-14 21:30:00,-21.643484
2022-10-14 22:00:00,-23.805117
2022-10-14 22:30:00,-23.387663
2022-10-14 23:00:00,-21.621136
2022-10-14 23:30:00,-20.527063
2022-10-15 00:00:00,-19.862461
2022-10-15 00:30:00,-25.549364
2022-10-15 01:00:00,-22.079119
2022-10-15 01:30:00,-21.223335
2022-10-15 02:00:00,-20.043343
2022-10-15 02:30:00,-19.03113
2022-10-15 03:00:00,-18.709688
2022-10-15 03:30:00,-18.413885
2022-10-15 04:00:00,-16.008015
2022-10-15 04:30:00,-13.207926
2022-10-15 05:00:00,-11.223312
2022-10-15 05:30:00,-10.860419
2022-10-15 06:00:00,-8.503392
2022-10-15 06:30:00,-8.635902
2022-10-15 07:00:00,-5.198103
2022-10-15 07:30:00,-4.5362163
2022-10-15 08:00:00,-4.482624
2022-10-15 08:30:00,-4.964276
2022-10-15 09:00:00,-8.141691
2022-10-15 09:30:00,-12.492147
2022-10-15 10:00:00,-11.74032
2022-10-15 10:30:00,-9.530829
2022-10-15 11:00:00,-5.009947
2022-10-15 11:30:00,-5.662208
2022-10-15 12:00:00,-3.048533
2022-10-15 12:30:00,1.6854576
2022-10-15 13:00:00,1.6431661
2022-10-15 13:30:00,4.3341527
2022-10-15 14:00:00,4.673517
2022-10-15 14:30:00,6.358585
2022-10-15 15:00:00,6.6411877
2022-10-15 15:30:00,7.088617
2022-10-15 16:00:00,5.554808
2022-10-15 16:30:00,8.63439
2022-10-15 17:00:00,10.381562
2022-10-15 17:30:00,9.552224
2022-10-15 18:00:00,8.554284
2022-10-15 18:30:00,8.58352
2022-10-15 19:00:00,8.035024
2022-10-15 19:30:00,7.550155
2022-10-15 20:00:00,7.904878
2022-10-15 20:30:00,6.705372
2022-10-15 21:00:00,5.768923
2022-10-15 21:30:00,6.047944
2022-10-15 22:00:00,3.7908835
2022-10-15 22:30:00,0.057660915
2022-10-15 23:00:00,2.8090813
2022-10-15 23:30:00,1.6932269
2022-10-16 00:00:00,4.812703
2022-10-16 00:30:00,7.062781
2022-10-16 01:00:00,10.650742
2022-10-16 01:30:00,11.998106
2022-10-16 02:00:00,11.676785
2022-10-16 02:30:00,14.218557
2022-10-16 03:00:00,14.634425
2022-10-16 03:30:00,15.367894
2022-10-16 04:00:00,16.66454
2022-10-16 04:30:00,16.637693
2022-10-16 05:00:00,15.538908
2022-10-16 05:30:00,12.423259
2022-10-16 06:00:00,10.6395
2022-10-16 06:30:00,11.752934
2022-10-16 07:00:00,10.630293
2022-10-16 07:30:00,10.34148
2022-10-16 08:00:00,11.262911
2022-10-16 08:30:00,9.169038
2022-10-16 09:00:00,9.364617
2022-10-16 09:30:00,10.182387
2022-10-16 10:00:00,11.448042
2022-10-16 10:30:00,11.92405
2022-10-16 11:00:00,10.439985
2022-10-16 11:30:00,9.880657
2022-10-16 12:00:00,12.051055
2022-10-16 12:30:00,12.4700775
2022-10-16 13:00:00,12.909918
2022-10-16 13:30:00,12.327672
2022-10-16 14:00:00,14.633103
2022-10-16 14:30:00,15.780744
2022-10-16 15:00:00,15.891017
2022-10-16 15:30:00,14.015829
2022-10-16 16:00:00,10.142146
2022-10-16 16:30:00,10.800066
2022-10-16 17:00:00,10.702131
2022-10-16 17:30:00,7.742492
2022-10-16 18:00:00,7.976204
2022-10-16 18:30:00,7.4849453
2022-10-16 19:00:00,5.4048057
2022-10-16 19:30:00,4.503889
2022-10-16 20:00:00,3.5503488
2022-10-16 20:30:00,3.195633
2022-10-16 21:00:00,3.387111
2022-10-16 21:30:00,2.5759113
2022-10-16 22:00:00,1.6909814
2022-10-16 22:30:00,0.92391455
2022-10-16 23:00:00,-1.165572
2022-10-16 23:30:00,-2.2891958
2022-10-17 00:00:00,-3.84675
2022-10-17 00:30:00,-4.0872636
2022-10-17 01:00:00,-3.162699
2022-10-17 01:30:00,-3.461996
2022-10-17 02:00:00,-3.8060434
2022-10-17 02:30:00,-4.4615364
2022-10-17 03:00:00,-4.2680907
2022-10-17 03:30:00,-3.9256358
2022-10-17 04:00:00,-4.00502
2022-10-17 04:30:00,-2.5163257
2022-10-17 05:00:00,-1.3258927
2022-10-17 05:30:00,-2.48927
2022-10-17 06:00:00,-5.9606314
2022-10-17 06:30:00,-8.470221
2022-10-17 07:00:00,-7.866818
2022-10-17 07:30:00,-9.049131
2022-10-17 08:00:00,-9.107651
2022-10-17 08:30:00,-6.751411
2022-10-17 09:00:00,-3.9411423
2022-10-17 09:30:00,-3.5635042
2022-10-17 10:00:00,-1.5231291
2022-10-17 10:30:00,0.0055962345
2022-10-17 11:00:00,0.25378168
2022-10-17 11:30:00,0.568614
2022-10-17 12:00:00,-0.8605599
2022-10-17 12:30:00,-1.900496
2022-10-17 13:00:00,-1.637057
2022-10-17 13:30:00,-3.4896512
2022-10-17 14:00:00,-5.021359
2022-10-17 14:30:00,-10.482908
2022-10-17 15:00:00,-17.098763
2022-10-17 15:30:00,-20.349514
2022-10-17 16:00:00,-21.446363
2022-10-17 16:30:00,-22.056723
2022-10-17 17:00:00,-26.432499
2022-10-17 17:30:00,-25.863525
2022-10-17 18:00:00,-22.283186
2022-10-17 18:30:00,-19.146835
2022-10-17 19:00:00,-15.965946
2022-10-17 19:30:00,-16.5183
2022-10-17 20:00:00,-15.729065
2022-10-17 20:30:00,-11.71325
2022-10-17 21:00:00,-11.012765
2022-10-17 21:30:00,-11.225118
2022-10-17 22:00:00,-16.789501
2022-10-17 22:30:00,-19.055702
2022-10-17 23:00:00,-18.609837
2022-10-17 23:30:00,-21.03233
2022-10-18 00:00:00,-21.779074
2022-10-18 00:30:00,-21.257576
2022-10-18 01:00:00,-21.14358
2022-10-18 01:30:00,-20.318407
2022-10-18 02:00:00,-21.142319
2022-10-18 02:30:00,-21.38845
2022-10-18 03:00:00,-19.543163
2022-10-18 03:30:00,-20.80984
2022-10-18 04:00:00,-20.02133
2022-10-18 04:30:00,-20.924463
2022-10-18 05:00:00,-19.282211
2022-10-18 05:30:00,-16.158472
2022-10-18 06:00:00,-18.968119
2022-10-18 06:30:00,-20.58356
2022-10-18 07:00:00,-18.62312
2022-10-18 07:30:00,-14.974764
2022-10-18 08:00:00,-15.008889
2022-10-18 08:30:00,-16.311903
2022-10-18 09:00:00,-16.631367
2022-10-18 09:30:00,-15.5725565
2022-10-18 10:00:00,-17.14678
2022-10-18 10:30:00,-16.595535
2022-10-18 11:00:00,-19.98697
2022-10-18 11:30:00,-21.203094
2022-10-18 12:00:00,-24.071465
2022-10-18 12:30:00,-24.660528
2022-10-18 13:00:00,-25.981764
2022-10-18 13:30:00,-29.924326
2022-10-18 14:00:00,-32.349792
2022-10-18 14:30:00,-33.11979
2022-10-18 15:00:00,-33.224606
2022-10-18 15:30:00,-31.288717
2022-10-18 16:00:00,-29.867716
2022-10-18 16:30:00,-30.24816
2022-10-18 17:00:00,-31.413967
2022-10-18 17:30:00,-31.884546
2022-10-18 18:00:00,-32.02212
2022-10-18 18:30:00,-33.86401
2022-10-18 19:00:00,-34.046066
2022-10-18 19:30:00,-33.21998
2022-10-18 20:00:00,-33.172577
2022-10-18 20:30:00,-32.253563
2022-10-18 21:00:00,-30.21233
2022-10-18 21:30:00,-29.867283
2022-10-18 22:00:00,-28.331627
2022-10-18 22:30:00,-24.320839
2022-10-18 23:00:00,-27.133587
2022-10-18 23:30:00,-26.268927
2022-10-19 00:00:00,-26.828611
2022-10-19 00:30:00,-26.633036
2022-10-19 01:00:00,-29.903381
2022-10-19 01:30:00,-29.671974
2022-10-19 02:00:00,-27.330303
2022-10-19 02:30:00,-24.650982
2022-10-19 03:00:00,-19.893759
2022-10-19 03:30:00,-20.745821
2022-10-19 04:00:00,-21.18287
2022-10-19 04:30:00,-21.432377
2022-10-19 05:00:00,-17.80567
2022-10-19 05:30:00,-15.012868
2022-10-19 06:00:00,-14.230742
2022-10-19 06:30:00,-12.332397
2022-10-19 07:00:00,-11.021109
2022-10-19 07:30:00,-11.921783
2022-10-19 08:00:00,-12.8567915
2022-10-19 08:30:00,-13.674548
2022-10-19 09:00:00,-13.824702
2022-10-19 09:30:00,-12.048578
2022-10-19 10:00:00,-11.760328
2022-10-19 10:30:00,-11.75383
2022-10-19 11:00:00,-12.358031
2022-10-19 11:30:00,-6.620684
2022-10-19 12:00:00,-1.4605583
2022-10-19 12:30:00,3.5781193
2022-10-19 13:00:00,3.3836448
2022-10-19 13:30:00,5.953447
2022-10-19 14:00:00,5.5616603
2022-10-19 14:30:00,6.630638
2022-10-19 15:00:00,11.617828
2022-10-19 15:30:00,11.114829
2022-10-19 16:00:00,10.791906
2022-10-19 16:30:00,12.381185
2022-10-19 17:00:00,13.171574
2022-10-19 17:30:00,14.629594
2022-10-19 18:00:00,16.008974
2022-10-19 18:30:00,12.355846
2022-10-19 19:00:00,12.387285
2022-10-19 19:30:00,10.578383
2022-10-19 20:00:00,9.031419
2022-10-19 20:30:00,7.1785645
2022-10-19 21:00:00,7.348756
2022-10-19 21:30:00,7.100834
2022-10-19 22:00:00,11.5956545
2022-10-19 22:30:00,8.440782
2022-10-19 23:00:00,8.553886
2022-10-19 23:30:00,8.258056
2022-10-20 00:00:00,8.508497
2022-10-20 00:30:00,9.912082
2022-10-20 01:00:00,12.980298
2022-10-20 01:30:00,17.874811
2022-10-20 02:00:00,18.664066
2022-10-20 02:30:00,20.765926
2022-10-20 03:00:00,19.770267
2022-10-20 03:30:00,20.943375
2022-10-20 04:00:00,22.137833
2022-10-20 04:30:00,25.949173
2022-10-20 05:00:00,26.66776
2022-10-20 05:30:00,26.533195
2022-10-20 06:00:00,25.18407
2022-10-20 06:30:00,24.24806
2022-10-20 07:00:00,21.657059
2022-10-20 07:30:00,22.955626
2022-10-20 08:00:00,24.879192
2022-10-20 08:30:00,25.06895
2022-10-20 09:00:00,22.176138
2022-10-20 09:30:00,22.148237
2022-10-20 10:00:00,8.896147
2022-10-20 10:30:00,8.948049
2022-10-20 11:00:00,7.362172
2022-10-20 11:30:00,-3.3152466
2022-10-20 12:00:00,-8.762282
2022-10-20 12:30:00,-7.0921764
2022-10-20 13:00:00,-8.279176
2022-10-20 13:30:00,-6.1706305
2022-10-20 14:00:00,-4.771213
2022-10-20 14:30:00,-3.6039798
2022-10-20 15:00:00,-2.953101
2022-10-20 15:30:00,2.1813157
2022-10-20 16:00:00,-1.9705871
2022-10-20 16:30:00,-3.5208662
2022-10-20 17:00:00,0.11756003
2022-10-20 17:30:00,5.5600863
2022-10-20 18:00:00,6.7134085
2022-10-20 18:30:00,3.773511
2022-10-20 19:00:00,-0.024022976
2022-10-20 19:30:00,-1.0087065
2022-10-20 20:00:00,0.12580243
2022-10-20 20:30:00,0.060227867
2022-10-20 21:00:00,-1.6120481
2022-10-20 21:30:00,-3.0942724
2022-10-20 22:00:00,-1.3780369
2022-10-20 22:30:00,0.7325811
2022-10-20 23:00:00,3.0249074
2022-10-20 23:30:00,1.6255331
2022-10-21 00:00:00,1.7644012
2022-10-21 00:30:00,3.4720476
2022-10-21 01:00:00,1.7903306
2022-10-21 01:30:00,0.25478896
2022-10-21 02:00:00,-3.0463955
2022-10-21 02:30:00,-3.8544724
2022-10-21 03:00:00,-5.014875
2022-10-21 03:30:00,-8.069141
2022-10-21 04:00:00,-12.523634
2022-10-21 04:30:00,-15.356575
2022-10-21 05:00:00,-16.25209
2022-10-21 05:30:00,-13.153042
2022-10-21 06:00:00,-14.991447
2022-10-21 06:30:00,-14.314813
2022-10-21 07:00:00,-12.982017
2022-10-21 07:30:00,-11.455562
2022-10-21 08:00:00,-8.647875
2022-10-21 08:30:00,-8.560328
2022-10-21 09:00:00,-8.450148
2022-10-21 09:30:00,-9.928086
2022-10-21 10:00:00,-12.395293
2022-10-21 10:30:00,-13.554121
2022-10-21 11:00:00,-16.257978
2022-10-21 11:30:00,-19.108019
2022-10-21 12:00:00,-18.356665
2022-10-21 12:30:00,-24.417927
2022-10-21 13:00:00,-24.587275
2022-10-21 13:30:00,-24.077246
2022-10-21 14:00:00,-25.180742
2022-10-21 14:30:00,-22.163986
2022-10-21 15:00:00,-17.456146
2022-10-21 15:30:00,-13.347209
2022-10-21 16:00:00,-12.525638
2022-10-21 16:30:00,-14.526674
2022-10-21 17:00:00,-16.402912
2022-10-21 17:30:00,-17.539457
2022-10-21 18:00:00,-17.711336
2022-10-21 18:30:00,-18.876694
2022-10-21 19:00:00,-22.191103
2022-10-21 19:30:00,-12.009247
2022-10-21 20:00:00,-7.6732674
2022-10-21 20:30:00,-5.375688
2022-10-21 21:00:00,0.88368815
2022-10-21 21:30:00,4.606495
2022-10-21 22:00:00,2.897289
2022-10-21 22:30:00,-0.11818781
2022-10-21 23:00:00,-2.8118825
2022-10-21 23:30:00,-4.696259
2022-10-22 00:00:00,-7.6510496
2022-10-22 00:30:00,-9.064475
2022-10-22 01:00:00,-11.60854
2022-10-22 01:30:00,-12.018316
2022-10-22 02:00:00,-14.193191
2022-10-22 02:30:00,-14.6040325
2022-10-22 03:00:00,-13.439291
2022-10-22 03:30:00,-12.550336
2022-10-22 04:00:00,-13.640412
2022-10-22 04:30:00,-11.624566
2022-10-22 05:00:00,-15.638561
2022-10-22 05:30:00,-14.502825
2022-10-22 06:00:00,-11.693162
2022-10-22 06:30:00,-15.437054
2022-10-22 07:00:00,-21.122007
2022-10-22 07:30:00,-20.622585
2022-10-22 08:00:00,-13.567765
2022-10-22 08:30:00,-15.618235
2022-10-22 09:00:00,-16.774279
2022-10-22 09:30:00,-15.839714
2022-10-22 10:00:00,-10.394726
2022-10-22 10:30:00,-9.12505
2022-10-22 11:00:00,-9.153932
2022-10-22 11:30:00,-8.218995
2022-10-22 12:00:00,-8.241795
2022-10-22 12:30:00,-11.974176
2022-10-22 13:00:00,-19.433725
2022-10-22 13:30:00,-24.767008
2022-10-22 14:00:00,-33.214886
2022-10-22 14:30:00,-38.80919
2022-10-22 15:00:00,-42.508442
2022-10-22 15:30:00,-41.5762
2022-10-22 16:00:00,-38.81199
2022-10-22 16:30:00,-30.22478
2022-10-22 17:00:00,-29.649515
2022-10-22 17:30:00,-24.002323
2022-10-22 18:00:00,-18.285053
2022-10-22 18:30:00,-24.637371
2022-10-22 19:00:00,-18.399498
2022-10-22 19:30:00,-11.423095
2022-10-22 20:00:00,-8.735663
2022-10-22 20:30:00,-5.6600747
2022-10-22 21:00:00,-14.556019
2022-10-22 21:30:00,-19.425774
2022-10-22 22:00:00,-21.704668
2022-10-22 22:30:00,-14.572846
2022-10-22 23:00:00,-15.78039
2022-10-22 23:30:00,-13.820698
2022-10-23 00:00:00,-8.693369
2022-10-23 00:30:00,-6.3425584
2022-10-23 01:00:00,-6.668027
2022-10-23 01:30:00,-11.0893545
2022-10-23 02:00:00,-18.008907
2022-10-23 02:30:00,-18.325424
2022-10-23 03:00:00,-30.630766
2022-10-23 03:30:00,-30.194763
2022-10-23 04:00:00,-31.160038
2022-10-23 04:30:00,-34.21567
2022-10-23 05:00:00,-33.836967
2022-10-23 05:30:00,-34.508274
2022-10-23 06:00:00,-33.879414
2022-10-23 06:30:00,-35.983955
2022-10-23 07:00:00,-34.639305
2022-10-23 07:30:00,-32.041824
2022-10-23 08:00:00,-30.365746
2022-10-23 08:30:00,-32.12118
2022-10-23 09:00:00,-32.49953
2022-10-23 09:30:00,-33.57144
2022-10-23 10:00:00,-32.42944
2022-10-23 10:30:00,-32.072662
2022-10-23 11:00:00,-31.46253
2022-10-23 11:30:00,-27.729536
2022-10-23 12:00:00,-26.231419
2022-10-23 12:30:00,-26.399433
2022-10-23 13:00:00,-28.100548
2022-10-23 13:30:00,-29.692993
2022-10-23 14:00:00,-30.042995
2022-10-23 14:30:00,-30.664043
2022-10-23 15:00:00,-29.143469
2022-10-23 15:30:00,-21.496214
2022-10-23 16:00:00,-19.33251
2022-10-23 16:30:00,-5.716786
2022-10-23 17:00:00,0.19173442
2022-10-23 17:30:00,-2.4960501
2022-10-23 18:00:00,-5.20128
2022-10-23 18:30:00,-8.409138
2022-10-23 19:00:00,-12.424306
2022-10-23 19:30:00,-18.28992
2022-10-23 20:00:00,-19.644768
2022-10-23 20:30:00,-17.478952
2022-10-23 21:00:00,-15.254331
2022-10-23 21:30:00,-13.265223
2022-10-23 22:00:00,-12.008587
2022-10-23 22:30:00,-12.263537
2022-10-23 23:00:00,-10.999334
2022-10-23 23:30:00,-7.1441255
2022-10-24 00:00:00,-8.923799
2022-10-24 00:30:00,-8.329453
2022-10-24 01:00:00,-7.939075
2022-10-24 01:30:00,-6.7603755
2022-10-24 02:00:00,-7.199656
2022-10-24 02:30:00,-7.6414533
2022-10-24 03:00:00,-9.044134
2022-10-24 03:30:00,-8.322644
2022-10-24 04:00:00,-5.488165
2022-10-24 04:30:00,-4.3808055
2022-10-24 05:00:00,-2.6533272
2022-10-24 05:30:00,-0.8341539
2022-10-24 06:00:00,0.07132605
2022-10-24 06:30:00,-0.7676154
2022-10-24 07:00:00,-1.6707377
2022-10-24 07:30:00,-2.3146596
2022-10-24 08:00:00,-1.9921769
2022-10-24 08:30:00,-5.64281
2022-10-24 09:00:00,-2.6987164
2022-10-24 09:30:00,-0.12280182
2022-10-24 10:00:00,-0.2315524
2022-10-24 10:30:00,-0.19316009
2022-10-24 11:00:00,0.68412316
2022-10-24 11:30:00,0.57057804
2022-10-24 12:00:00,1.4224733
2022-10-24 12:30:00,1.884936
2022-10-24 13:00:00,1.0888926
2022-10-24 13:30:00,2.1729398
2022-10-24 14:00:00,0.5393269
2022-10-24 14:30:00,-3.3155463
2022-10-24 15:00:00,-0.20355064
2022-10-24 15:30:00,-0.2897222
2022-10-24 16:00:00,-2.0150592
2022-10-24 16:30:00,0.06887823
2022-10-24 17:00:00,1.5065869
2022-10-24 17:30:00,2.4819126
2022-10-24 18:00:00,2.2276797
2022-10-24 18:30:00,3.6606083
2022-10-24 19:00:00,4.562889
2022-10-24 19:30:00,6.0538
2022-10-24 20:00:00,5.5987387
2022-10-24 20:30:00,6.708123
2022-10-24 21:00:00,5.115805
2022-10-24 21:30:00,5.6602445
2022-10-24 22:00:00,6.0423336
2022-10-24 22:30:00,8.584401
2022-10-24 23:00:00,9.9917755
2022-10-24 23:30:00,12.524276
2022-10-25 00:00:00,11.92509
2022-10-25 00:30:00,11.144442
2022-10-25 01:00:00,11.444482
2022-10-25 01:30:00,10.306764
2022-10-25 02:00:00,9.815115
2022-10-25 02:30:00,9.492784
2022-10-25 03:00:00,10.750351
2022-10-25 03:30:00,11.989867
2022-10-25 04:00:00,15.162184
2022-10-25 04:30:00,17.002647
2022-10-25 05:00:00,16.477365
2022-10-25 05:30:00,18.81272
2022-10-25 06:00:00,18.718649
2022-10-25 06:30:00,20.355293
2022-10-25 07:00:00,13.841609
2022-10-25 07:30:00,13.526015
2022-10-25 08:00:00,14.350508
2022-10-25 08:30:00,13.082174
2022-10-25 09:00:00,8.587377
2022-10-25 09:30:00,9.454139
2022-10-25 10:00:00,10.669566
2022-10-25 10:30:00,15.969268
2022-10-25 11:00:00,13.735473
2022-10-25 11:30:00,16.021603
2022-10-25 12:00:00,13.989734
2022-10-25 12:30:00,11.29048
2022-10-25 13:00:00,13.633191
2022-10-25 13:30:00,8.322262
2022-10-25 14:00:00,1.2289665
2022-10-25 14:30:00,0.7328338
2022-10-25 15:00:00,-2.122994
2022-10-25 15:30:00,-0.26529825
2022-10-25 16:00:00,-3.7933242
2022-10-25 16:30:00,-6.227082
2022-10-25 17:00:00,-9.2784815
2022-10-25 17:30:00,-10.424273
2022-10-25 18:00:00,-12.603429
2022-10-25 18:30:00,-18.485073
2022-10-25 19:00:00,-24.57741
2022-10-25 19:30:00,-29.583752
2022-10-25 20:00:00,-31.342293
2022-10-25 20:30:00,-25.752304
2022-10-25 21:00:00,-21.744946
2022-10-25 21:30:00,-21.991549
2022-10-25 22:00:00,-17.858183
2022-10-25 22:30:00,-9.627464
2022-10-25 23:00:00,-9.927302
2022-10-25 23:30:00,-5.494259
2022-10-26 00:00:00,-3.1271589
2022-10-26 00:30:00,-8.425409
2022-10-26 01:00:00,-9.074396
2022-10-26 01:30:00,-10.540345
2022-10-26 02:00:00,-11.822358
2022-10-26 02:30:00,-10.228343
2022-10-26 03:00:00,-10.996623
2022-10-26 03:30:00,-10.861636
2022-10-26 04:00:00,-8.651654
2022-10-26 04:30:00,-10.870196
2022-10-26 05:00:00,-14.875686
2022-10-26 05:30:00,-11.4318495
2022-10-26 06:00:00,-10.647326
2022-10-26 06:30:00,-7.925984
2022-10-26 07:00:00,-9.196419
2022-10-26 07:30:00,-10.657045
2022-10-26 08:00:00,-6.3606496
2022-10-26 08:30:00,-5.3061533
2022-10-26 09:00:00,-6.647228
2022-10-26 09:30:00,-7.5111995
2022-10-26 10:00:00,-7.7713966
2022-10-26 10:30:00,-9.198736
2022-10-26 11:00:00,-9.545329
2022-10-26 11:30:00,-8.281949
2022-10-26 12:00:00,-8.176628
2022-10-26 12:30:00,-0.5344453
2022-10-26 13:00:00,1.9445571
2022-10-26 13:30:00,8.019022
2022-10-26 14:00:00,11.0008
2022-10-26 14:30:00,11.71873
2022-10-26 15:00:00,11.12865
2022-10-26 15:30:00,5.5965652
2022-10-26 16:00:00,1.5593846
2022-10-26 16:30:00,-1.0859171
2022-10-26 17:00:00,-1.8457019
2022-10-26 17:30:00,-2.5966954
2022-10-26 18:00:00,-3.441316
2022-10-26 18:30:00,-1.1824214
2022-10-26 19:00:00,-7.321989
2022-10-26 19:30:00,-7.219827
2022-10-26 20:00:00,-8.879546
2022-10-26 20:30:00,-9.864815
2022-10-26 21:00:00,-7.9957647
2022-10-26 21:30:00,-6.146665
2022-10-26 22:00:00,-7.4848948
2022-10-26 22:30:00,-6.640126
2022-10-26 23:00:00,-9.149184
2022-10-26 23:30:00,-8.810221
2022-10-27 00:00:00,-5.2068434
2022-10-27 00:30:00,-5.7366247
2022-10-27 01:00:00,-4.363039
2022-10-27 01:30:00,-2.4704962
2022-10-27 02:00:00,-2.0881252
2022-10-27 02:30:00,-2.0393424
2022-10-27 03:00:00,-1.011147
2022-10-27 03:30:00,-1.2944864
2022-10-27 04:00:00,-2.2280114
2022-10-27 04:30:00,-3.4727874
2022-10-27 05:00:00,-3.8830159
2022-10-27 05:30:00,-6.450356
2022-10-27 06:00:00,-7.752612
2022-10-27 06:30:00,-6.705592
2022-10-27 07:00:00,-6.9913397
2022-10-27 07:30:00,-6.8090644
2022-10-27 08:00:00,-6.954247
2022-10-27 08:30:00,-11.149098
2022-10-27 09:00:00,-14.144639
2022-10-27 09:30:00,-13.573412
2022-10-27 10:00:00,-13.410737
2022-10-27 10:30:00,-13.035467
2022-10-27 11:00:00,-7.402752
2022-10-27 11:30:00,-4.4561243
2022-10-27 12:00:00,-7.1158276
2022-10-27 12:30:00,-6.315795
2022-10-27 13:00:00,-13.329439
2022-10-27 13:30:00,-13.55536
2022-10-27 14:00:00,-13.081272
2022-10-27 14:30:00,-11.858249
2022-10-27 15:00:00,-10.0943165
2022-10-27 15:30:00,-10.546685
2022-10-27 16:00:00,-14.768661
2022-10-27 16:30:00,-17.102407
2022-10-27 17:00:00,-12.517319
2022-10-27 17:30:00,-10.434533
2022-10-27 18:00:00,-11.789558
2022-10-27 18:30:00,-6.7130547
2022-10-27 19:00:00,-6.117017
2022-10-27 19:30:00,-4.888484
2022-10-27 20:00:00,-4.713498
2022-10-27 20:30:00,-4.321567
2022-10-27 21:00:00,-5.110816
2022-10-27 21:30:00,-5.8663225
2022-10-27 22:00:00,-6.5067925
2022-10-27 22:30:00,-5.8155537
2022-10-27 23:00:00,-6.321846
2022-10-27 23:30:00,-6.112291
2022-10-28 00:00:00,-7.018208
2022-10-28 00:30:00,-3.540705
2022-10-28 01:00:00,-3.7115138
2022-10-28 01:30:00,-2.2962756
2022-10-28 02:00:00,-7.378653
2022-10-28 02:30:00,-3.9404273
2022-10-28 03:00:00,-1.1406823
2022-10-28 03:30:00,-0.76174134
2022-10-28 04:00:00,-3.8554726
2022-10-28 04:30:00,-1.5129696
2022-10-28 05:00:00,-2.6965213
2022-10-28 05:30:00,-1.5401374
2022-10-28 06:00:00,2.414587
2022-10-28 06:30:00,0.85011923
2022-10-28 07:00:00,-2.317945
2022-10-28 07:30:00,-2.2880695
2022-10-28 08:00:00,-2.6696532
2022-10-28 08:30:00,-4.6449957
2022-10-28 09:00:00,-6.07991
2022-10-28 09:30:00,-6.034019
2022-10-28 10:00:00,-6.159016
2022-10-28 10:30:00,-7.773559
2022-10-28 11:00:00,-6.9122767
2022-10-28 11:30:00,-7.523857
2022-10-28 12:00:00,-10.260284
2022-10-28 12:30:00,-9.884784
2022-10-28 13:00:00,-8.630069
2022-10-28 13:30:00,-8.815704
2022-10-28 14:00:00,-7.4931045
2022-10-28 14:30:00,-9.185674
2022-10-28 15:00:00,-9.696941
2022-10-28 15:30:00,-9.5294075
2022-10-28 16:00:00,-9.376221
2022-10-28 16:30:00,-12.303338
2022-10-28 17:00:00,-8.855776
2022-10-28 17:30:00,-7.6128016
2022-10-28 18:00:00,-7.3932967
2022-10-28 18:30:00,-7.817064
2022-10-28 19:00:00,-8.627949
2022-10-28 19:30:00,-12.249302
2022-10-28 20:00:00,-10.383729
2022-10-28 20:30:00,-18.652239
2022-10-28 21:00:00,-19.17726
2022-10-28 21:30:00,-19.23732
2022-10-28 22:00:00,-19.033499
2022-10-28 22:30:00,-18.17666
2022-10-28 23:00:00,-18.408617
2022-10-28 23:30:00,-20.1484
2022-10-29 00:00:00,-19.437492
2022-10-29 00:30:00,-16.045317
2022-10-29 01:00:00,-17.284554
2022-10-29 01:30:00,-20.346235
2022-10-29 02:00:00,-20.059433
2022-10-29 02:30:00,-18.419388
2022-10-29 03:00:00,-14.109893
2022-10-29 03:30:00,-13.272327
2022-10-29 04:00:00,-12.441054
2022-10-29 04:30:00,-10.942299
2022-10-29 05:00:00,-9.738236
2022-10-29 05:30:00,-8.1638975
2022-10-29 06:00:00,-7.6552377
2022-10-29 06:30:00,-4.363624
2022-10-29 07:00:00,-4.644057
2022-10-29 07:30:00,-6.437059
2022-10-29 08:00:00,-6.227659
2022-10-29 08:30:00,-9.240595
2022-10-29 09:00:00,-7.2319326
2022-10-29 09:30:00,-3.3220377
2022-10-29 10:00:00,-7.8295302
2022-10-29 10:30:00,-4.8653092
2022-10-29 11:00:00,-3.3402698
2022-10-29 11:30:00,0.27851972
2022-10-29 12:00:00,4.4309096
2022-10-29 12:30:00,6.925126
2022-10-29 13:00:00,3.401805
2022-10-29 13:30:00,0.38965672
2022-10-29 14:00:00,-0.5639418
2022-10-29 14:30:00,-1.3823873
2022-10-29 15:00:00,1.2401296
2022-10-29 15:30:00,1.8425072
2022-10-29 16:00:00,2.0228724
2022-10-29 16:30:00,1.6605246
2022-10-29 17:00:00,4.3259573
2022-10-29 17:30:00,10.298922
2022-10-29 18:00:00,7.044152
2022-10-29 18:30:00,3.2856965
2022-10-29 19:00:00,0.9821637
2022-10-29 19:30:00,-1.1375594
2022-10-29 20:00:00,-1.7073069
2022-10-29 20:30:00,0.5416628
2022-10-29 21:00:00,5.159895
2022-10-29 21:30:00,7.6718235
2022-10-29 22:00:00,5.2062445
2022-10-29 22:30:00,3.664262
2022-10-29 23:00:00,3.7486067
2022-10-29 23:30:00,5.9287453
2022-10-30 00:00:00,8.816929
2022-10-30 00:30:00,10.0507765
2022-10-30 01:00:00,5.49388
2022-10-30 01:30:00,3.1648152
2022-10-30 02:00:00,5.9078555
2022-10-30 02:30:00,3.7556612
2022-10-30 03:00:00,2.1415515
2022-10-30 03:30:00,6.390211
2022-10-30 04:00:00,5.568051
2022-10-30 04:30:00,1.8376982
2022-10-30 05:00:00,3.2311804
2022-10-30 05:30:00,5.152631
2022-10-30 06:00:00,7.511777
2022-10-30 06:30:00,8.806892
2022-10-30 07:00:00,7.845358
2022-10-30 07:30:00,7.580944
2022-10-30 08:00:00,6.949063
2022-10-30 08:30:00,11.593134
2022-10-30 09:00:00,12.708945
2022-10-30 09:30:00,12.314422
2022-10-30 10:00:00,10.841022
2022-10-30 10:30:00,9.245433
2022-10-30 11:00:00,8.643055
2022-10-30 11:30:00,7.6686244
2022-10-30 12:00:00,7.6313443
2022-10-30 12:30:00,10.199002
2022-10-30 13:00:00,9.986721
2022-10-30 13:30:00,10.0954075
2022-10-30 14:00:00,9.235114
2022-10-30 14:30:00,7.7145915
2022-10-30 15:00:00,8.10466
2022-10-30 15:30:00,7.7825956
2022-10-30 16:00:00,8.074101
2022-10-30 16:30:00,8.341295
2022-10-30 17:00:00,9.421667
2022-10-30 17:30:00,8.58786
2022-10-30 18:00:00,6.249047
2022-10-30 18:30:00,5.2517924
2022-10-30 19:00:00,5.59559
2022-10-30 19:30:00,6.5848155
2022-10-30 20:00:00,9.244285
2022-10-30 20:30:00,9.79663
2022-10-30 21:00:00,7.98315
2022-10-30 21:30:00,7.8652725
2022-10-30 22:00:00,9.457064
2022-10-30 22:30:00,10.862503
2022-10-30 23:00:00,11.710066
2022-10-30 23:30:00,11.385359
2022-10-31 00:00:00,11.521404
2022-10-31 00:30:00,12.2054405
2022-10-31 01:00:00,10.046899
2022-10-31 01:30:00,9.152914
2022-10-31 02:00:00,7.8496327
2022-10-31 02:30:00,6.60086
2022-10-31 03:00:00,6.437637
2022-10-31 03:30:00,5.7528276
2022-10-31 04:00:00,4.065746
2022-10-31 04:30:00,2.8197317
2022-10-31 05:00:00,2.1700659
2022-10-31 05:30:00,3.3911183
2022-10-31 06:00:00,1.9626882
2022-10-31 06:30:00,4.1486173
2022-10-31 07:00:00,5.2097173
2022-10-31 07:30:00,6.240454
2022-10-31 08:00:00,7.2134404
2022-10-31 08:30:00,11.450049
2022-10-31 09:00:00,13.594164
2022-10-31 09:30:00,9.3213005
2022-10-31 10:00:00,6.427311
2022-10-31 10:30:00,7.854817
2022-10-31 11:00:00,4.6530323
2022-10-31 11:30:00,0.21113999
2022-10-31 12:00:00,-1.0733784
2022-10-31 12:30:00,0.71186495
2022-10-31 13:00:00,2.3722954
2022-10-31 13:30:00,1.4212097
2022-10-31 14:00:00,-1.9995457
2022-10-31 14:30:00,-1.2796263
2022-10-31 15:00:00,-0.094717
2022-10-31 15:30:00,-1.4179708
2022-10-31 16:00:00,-1.7756145
2022-10-31 16:30:00,-2.5564222
2022-10-31 17:00:00,-5.3032756
2022-10-31 17:30:00,-7.4976897
2022-10-31 18:00:00,-9.402122
2022-10-31 18:30:00,-9.819282
2022-10-31 19:00:00,-12.103679
2022-10-31 19:30:00,-14.066836
2022-10-31 20:00:00,-12.9425955
2022-10-31 20:30:00,-12.25206
2022-10-31 21:00:00,-11.951189
2022-10-31 21:30:00,-13.933766
2022-10-31 22:00:00,-13.8291025
2022-10-31 22:30:00,-11.207023
2022-10-31 23:00:00,-12.89734
2022-10-31 23:30:00,-12.31058
2022-11-01 00:00:00,-9.974295
2022-11-01 00:30:00,-12.080735
2022-11-01 01:00:00,-11.588946
2022-11-01 01:30:00,-9.902305
2022-11-01 02:00:00,-11.154919
2022-11-01 02:30:00,-11.289562
2022-11-01 03:00:00,-10.459228
2022-11-01 03:30:00,-8.426752
2022-11-01 04:00:00,-4.487108
2022-11-01 04:30:00,-0.7120667
2022-11-01 05:00:00,1.777745
2022-11-01 05:30:00,-1.6405193
2022-11-01 06:00:00,8.968852
2022-11-01 06:30:00,12.939472
2022-11-01 07:00:00,20.229712
2022-11-01 07:30:00,26.56501
2022-11-01 08:00:00,21.403418
2022-11-01 08:30:00,21.843222
2022-11-01 09:00:00,16.714088
2022-11-01 09:30:00,12.974629
2022-11-01 10:00:00,6.892359
2022-11-01 10:30:00,4.5373282
2022-11-01 11:00:00,1.2162942
2022-11-01 11:30:00,1.8456987
2022-11-01 12:00:00,0.036807604
2022-11-01 12:30:00,-0.21283641
2022-11-01 13:00:00,-3.0901456
2022-11-01 13:30:00,-5.3341403
2022-11-01 14:00:00,-4.360837
2022-11-01 14:30:00,-4.0139375
2022-11-01 15:00:00,-3.9969327
2022-11-01 15:30:00,-4.682684
2022-11-01 16:00:00,-4.472176
2022-11-01 16:30:00,-4.195996
2022-11-01 17:00:00,-5.2886143
2022-11-01 17:30:00,-5.1360736
2022-11-01 18:00:00,-2.7333179
2022-11-01 18:30:00,-2.7565
2022-11-01 19:00:00,0.071091376
2022-11-01 19:30:00,3.9368496
2022-11-01 20:00:00,6.834579
2022-11-01 20:30:00,8.0302725
2022-11-01 21:00:00,10.842574
2022-11-01 21:30:00,11.027516
2022-11-01 22:00:00,9.135014
2022-11-01 22:30:00,7.803059
2022-11-01 23:00:00,5.4487867
2022-11-01 23:30:00,2.548783
2022-11-02 00:00:00,-0.8943021
2022-11-02 00:30:00,-2.6110935
2022-11-02 01:00:00,-4.4800105
2022-11-02 01:30:00,-4.351262
2022-11-02 02:00:00,-3.7356849
2022-11-02 02:30:00,-0.59299415
2022-11-02 03:00:00,0.71408534
2022-11-02 03:30:00,1.5046446
2022-11-02 04:00:00,1.2792368
2022-11-02 04:30:00,3.3601415
2022-11-02 05:00:00,4.416389
2022-11-02 05:30:00,5.0368977
2022-11-02 06:00:00,7.6153865
2022-11-02 06:30:00,6.3766437
2022-11-02 07:00:00,13.833378
2022-11-02 07:30:00,15.131373
2022-11-02 08:00:00,7.633756
2022-11-02 08:30:00,6.846724
2022-11-02 09:00:00,6.9347367
2022-11-02 09:30:00,8.099331
2022-11-02 10:00:00,6.826795
2022-11-02 10:30:00,4.0531816
2022-11-02 11:00:00,1.8805386
2022-11-02 11:30:00,1.4471824
2022-11-02 12:00:00,-4.368025
2022-11-02 12:30:00,-7.5468626
2022-11-02 13:00:00,-7.6569777
2022-11-02 13:30:00,-11.076979
2022-11-02 14:00:00,-14.144404
2022-11-02 14:30:00,-14.112883
2022-11-02 15:00:00,-15.766876
2022-11-02 15:30:00,-18.191921
2022-11-02 16:00:00,-22.49899
2022-11-02 16:30:00,-28.200937
2022-11-02 17:00:00,-27.131762
2022-11-02 17:30:00,-26.945864
2022-11-02 18:00:00,-24.663427
2022-11-02 18:30:00,-25.025837
2022-11-02 19:00:00,-19.273777
2022-11-02 19:30:00,-16.578197
2022-11-02 20:00:00,-10.642063
2022-11-02 20:30:00,-8.592907
2022-11-02 21:00:00,-8.363532
2022-11-02 21:30:00,-5.941428
2022-11-02 22:00:00,-6.2743773
2022-11-02 22:30:00,-5.7059765
2022-11-02 23:00:00,-3.381388
2022-11-02 23:30:00,-0.10593071
2022-11-03 00:00:00,-0.2653163
2022-11-03 00:30:00,1.6976821
2022-11-03 01:00:00,0.95315105
2022-11-03 01:30:00,3.750347
2022-11-03 02:00:00,1.9462034
2022-11-03 02:30:00,0.68762517
2022-11-03 03:00:00,0.75995827
2022-11-03 03:30:00,0.4442667
2022-11-03 04:00:00,2.9368222
2022-11-03 04:30:00,4.3438067
2022-11-03 05:00:00,5.768475
2022-11-03 05:30:00,6.2667303
2022-11-03 06:00:00,10.58759
2022-11-03 06:30:00,13.565396
2022-11-03 07:00:00,14.485642
2022-11-03 07:30:00,13.050367
2022-11-03 08:00:00,14.902984
2022-11-03 08:30:00,11.321181
2022-11-03 09:00:00,13.242278
2022-11-03 09:30:00,11.672461
2022-11-03 10:00:00,9.075378
2022-11-03 10:30:00,7.6121516
2022-11-03 11:00:00,7.2807226
2022-11-03 11:30:00,7.2451105
2022-11-03 12:00:00,11.337327
2022-11-03 12:30:00,8.653641
2022-11-03 13:00:00,9.545372
2022-11-03 13:30:00,9.714697
2022-11-03 14:00:00,7.8184824
2022-11-03 14:30:00,3.4712822
2022-11-03 15:00:00,4.524468
2022-11-03 15:30:00,6.5836387
2022-11-03 16:00:00,5.863629
2022-11-03 16:30:00,7.140107
2022-11-03 17:00:00,8.770824
2022-11-03 17:30:00,9.466328
2022-11-03 18:00:00,8.821009
2022-11-03 18:30:00,10.925785
2022-11-03 19:00:00,6.459826
2022-11-03 19:30:00,2.9685137
2022-11-03 20:00:00,2.3703747
2022-11-03 20:30:00,0.253547
2022-11-03 21:00:00,1.6102903
2022-11-03 21:30:00,3.4232502
2022-11-03 22:00:00,7.492014
2022-11-03 22:30:00,9.410136
2022-11-03 23:00:00,10.314114
2022-11-03 23:30:00,7.8320355
2022-11-04 00:00:00,12.195425
2022-11-04 00:30:00,15.36715
2022-11-04 01:00:00,12.993512
2022-11-04 01:30:00,10.766353
2022-11-04 02:00:00,8.891129
2022-11-04 02:30:00,8.594395
2022-11-04 03:00:00,6.2049575
2022-11-04 03:30:00,7.8192477
2022-11-04 04:00:00,9.485022
2022-11-04 04:30:00,9.589021
2022-11-04 05:00:00,11.768979
2022-11-04 05:30:00,10.104223
2022-11-04 06:00:00,8.816618
2022-11-04 06:30:00,9.30883
2022-11-04 07:00:00,12.201786
2022-11-04 07:30:00,8.77029
2022-11-04 08:00:00,10.217364
2022-11-04 08:30:00,4.778174
2022-11-04 09:00:00,2.6738381
2022-11-04 09:30:00,1.4706063
2022-11-04 10:00:00,3.025189
2022-11-04 10:30:00,1.4002192
2022-11-04 11:00:00,3.3104994
2022-11-04 11:30:00,0.47531202
2022-11-04 12:00:00,-2.1790192
2022-11-04 12:30:00,-1.8506553
2022-11-04 13:00:00,-5.617534
2022-11-04 13:30:00,-2.5863519
2022-11-04 14:00:00,1.128989
2022-11-04 14:30:00,2.9850636
2022-11-04 15:00:00,4.727131
2022-11-04 15:30:00,-1.4989687
2022-11-04 16:00:00,-1.5043048
2022-11-04 16:30:00,8.06434
2022-11-04 17:00:00,5.1317196
2022-11-04 17:30:00,8.407351
2022-11-04 18:00:00,17.64531
2022-11-04 18:30:00,20.388372
2022-11-04 19:00:00,23.760513
2022-11-04 19:30:00,26.09251
2022-11-04 20:00:00,27.333542
2022-11-04 20:30:00,25.593193
2022-11-04 21:00:00,23.73257
2022-11-04 21:30:00,23.692091
2022-11-04 22:00:00,22.988796
2022-11-04 22:30:00,22.314428
2022-11-04 23:00:00,22.53718
2022-11-04 23:30:00,22.657455
2022-11-05 00:00:00,20.65462
2022-11-05 00:30:00,18.508585
2022-11-05 01:00:00,19.263853
2022-11-05 01:30:00,18.419027
2022-11-05 02:00:00,19.702942
2022-11-05 02:30:00,19.614084
2022-11-05 03:00:00,18.99585
2022-11-05 03:30:00,18.020308
2022-11-05 04:00:00,17.321924
2022-11-05 04:30:00,18.417185
2022-11-05 05:00:00,18.477434
2022-11-05 05:30:00,17.61764
2022-11-05 06:00:00,17.62229
2022-11-05 06:30:00,17.518082
2022-11-05 07:00:00,18.800371
2022-11-05 07:30:00,18.124155
2022-11-05 08:00:00,17.36893
2022-11-05 08:30:00,16.825762
2022-11-05 09:00:00,14.604466
2022-11-05 09:30:00,16.834038
2022-11-05 10:00:00,18.240395
2022-11-05 10:30:00,15.915193
2022-11-05 11:00:00,13.935883
2022-11-05 11:30:00,13.532528
2022-11-05 12:00:00,14.090065
2022-11-05 12:30:00,14.365332
2022-11-05 13:00:00,14.688587
2022-11-05 13:30:00,17.352142
2022-11-05 14:00:00,17.279617
2022-11-05 14:30:00,16.818686
2022-11-05 15:00:00,15.328209
2022-11-05 15:30:00,15.144999
2022-11-05 16:00:00,11.77672
2022-11-05 16:30:00,8.183351
2022-11-05 17:00:00,7.8270245
2022-11-05 17:30:00,15.115965
2022-11-05 18:00:00,13.4524
2022-11-05 18:30:00,12.820338
2022-11-05 19:00:00,5.8081093
2022-11-05 19:30:00,10.512502
2022-11-05 20:00:00,5.749896
2022-11-05 20:30:00,4.0228696
2022-11-05 21:00:00,-0.7596401
2022-11-05 21:30:00,2.7239857
2022-11-05 22:00:00,2.2334635
2022-11-05 22:30:00,1.5250791
2022-11-05 23:00:00,1.106215
2022-11-05 23:30:00,-0.6807506
2022-11-06 00:00:00,-0.059786983
2022-11-06 00:30:00,-4.2907853
2022-11-06 01:00:00,-2.0823596
2022-11-06 01:30:00,0.40971217
2022-11-06 02:00:00,1.7746689
2022-11-06 02:30:00,0.31004158
2022-11-06 03:00:00,-0.013040329
2022-11-06 03:30:00,-2.2818127
2022-11-06 04:00:00,-2.9151924
2022-11-06 04:30:00,-3.2051206
2022-11-06 05:00:00,-1.8138804
2022-11-06 05:30:00,-0.25999466
2022-11-06 06:00:00,0.53487897
2022-11-06 06:30:00,0.35403714
2022-11-06 07:00:00,0.1681553
2022-11-06 07:30:00,-0.12532905
2022-11-06 08:00:00,0.229726
2022-11-06 08:30:00,1.2547443
2022-11-06 09:00:00,3.0069063
2022-11-06 09:30:00,3.9550674
2022-11-06 10:00:00,3.4855936
2022-11-06 10:30:00,3.5307806
2022-11-06 11:00:00,1.2772222
2022-11-06 11:30:00,0.11245501
2022-11-06 12:00:00,3.5142524
2022-11-06 12:30:00,5.7218223
2022-11-06 13:00:00,10.250811
2022-11-06 13:30:00,14.326817
2022-11-06 14:00:00,14.7246475
2022-11-06 14:30:00,14.961074
2022-11-06 15:00:00,15.560866
2022-11-06 15:30:00,18.0819
2022-11-06 16:00:00,18.021326
2022-11-06 16:30:00,15.968885
2022-11-06 17:00:00,16.232029
2022-11-06 17:30:00,15.006109
2022-11-06 18:00:00,15.608797
2022-11-06 18:30:00,16.468174
2022-11-06 19:00:00,15.506842
2022-11-06 19:30:00,13.142149
2022-11-06 20:00:00,12.471147
2022-11-06 20:30:00,11.915631
2022-11-06 21:00:00,8.847869
2022-11-06 21:30:00,6.781023
2022-11-06 22:00:00,3.7296236
2022-11-06 22:30:00,1.4972361
2022-11-06 23:00:00,0.24629383
2022-11-06 23:30:00,0.6102376
2022-11-07 00:00:00,1.4799571
2022-11-07 00:30:00,0.82055056
2022-11-07 01:00:00,0.81197965
2022-11-07 01:30:00,1.5888522
2022-11-07 02:00:00,-0.23576929
2022-11-07 02:30:00,-0.7381189
2022-11-07 03:00:00,-1.1527734
2022-11-07 03:30:00,-1.2115389
2022-11-07 04:00:00,-0.7364762
2022-11-07 04:30:00,-0.16022658
2022-11-07 05:00:00,0.66449374
2022-11-07 05:30:00,-0.55972487
2022-11-07 06:00:00,-2.4113443
2022-11-07 06:30:00,-1.9034781
2022-11-07 07:00:00,-2.0848472
2022-11-07 07:30:00,-2.5697803
2022-11-07 08:00:00,-3.1961198
2022-11-07 08:30:00,-4.1942377
2022-11-07 09:00:00,-3.769012
2022-11-07 09:30:00,-3.4270914
2022-11-07 10:00:00,-6.4404745
2022-11-07 10:30:00,-6.905616
2022-11-07 11:00:00,-6.357754
2022-11-07 11:30:00,-5.564693
2022-11-07 12:00:00,-3.842847
2022-11-07 12:30:00,-4.78147
2022-11-07 13:00:00,-5.338776
2022-11-07 13:30:00,-4.3114295
2022-11-07 14:00:00,-3.4274523
2022-11-07 14:30:00,-1.6598454
2022-11-07 15:00:00,-3.3009028
2022-11-07 15:30:00,-4.003518
2022-11-07 16:00:00,-5.0156727
2022-11-07 16:30:00,-6.425098
2022-11-07 17:00:00,-7.2183037
2022-11-07 17:30:00,-6.4539194
2022-11-07 18:00:00,-5.6396074
2022-11-07 18:30:00,-3.865105
2022-11-07 19:00:00,-2.5886552
2022-11-07 19:30:00,-2.5694447
2022-11-07 20:00:00,-3.5013053
2022-11-07 20:30:00,-4.1051636
2022-11-07 21:00:00,-3.0830297
2022-11-07 21:30:00,-4.1159225
2022-11-07 22:00:00,-3.0842247
2022-11-07 22:30:00,-3.29813
2022-11-07 23:00:00,-3.6832592
2022-11-07 23:30:00,-4.929501
2022-11-08 00:00:00,-6.269492
2022-11-08 00:30:00,-6.3950057
2022-11-08 01:00:00,-7.019883
2022-11-08 01:30:00,-7.3050528
2022-11-08 02:00:00,-7.582944
2022-11-08 02:30:00,-8.157912
2022-11-08 03:00:00,-7.6693144
2022-11-08 03:30:00,-7.5881286
2022-11-08 04:00:00,-7.7797217
2022-11-08 04:30:00,-7.2114115
2022-11-08 05:00:00,-6.7749867
2022-11-08 05:30:00,-5.986518
2022-11-08 06:00:00,-5.3444552
2022-11-08 06:30:00,-5.432136
2022-11-08 07:00:00,-5.7413397
2022-11-08 07:30:00,-6.7398868
2022-11-08 08:00:00,-6.689739
2022-11-08 08:30:00,-6.396147
2022-11-08 09:00:00,-7.031732
2022-11-08 09:30:00,-6.9056087
2022-11-08 10:00:00,-6.7645526
2022-11-08 10:30:00,-6.431044
2022-11-08 11:00:00,-5.3799844
2022-11-08 11:30:00,-4.3082485
2022-11-08 12:00:00,-6.027957
2022-11-08 12:30:00,-5.1013207
2022-11-08 13:00:00,-4.1155396
2022-11-08 13:30:00,-8.804224
2022-11-08 14:00:00,-12.267935
2022-11-08 14:30:00,-12.7432575
2022-11-08 15:00:00,-11.810509
2022-11-08 15:30:00,-9.595664
2022-11-08 16:00:00,-6.850544
2022-11-08 16:30:00,-4.242775
2022-11-08 17:00:00,-6.380752
2022-11-08 17:30:00,-6.559099
2022-11-08 18:00:00,-4.0574565
2022-11-08 18:30:00,-2.462575
2022-11-08 19:00:00,-3.9733934
2022-11-08 19:30:00,-2.0338476
2022-11-08 20:00:00,-2.3723743
2022-11-08 20:30:00,-3.2529755
2022-11-08 21:00:00,-2.138197
2022-11-08 21:30:00,-1.0732305
2022-11-08 22:00:00,0.4813413
2022-11-08 22:30:00,-1.6439129
2022-11-08 23:00:00,-0.034785394
2022-11-08 23:30:00,2.9952447
2022-11-09 00:00:00,2.271401
2022-11-09 00:30:00,4.276409
2022-11-09 01:00:00,3.2513187
2022-11-09 01:30:00,4.4284115
2022-11-09 02:00:00,3.8303735
2022-11-09 02:30:00,2.4627345
2022-11-09 03:00:00,0.13142012
2022-11-09 03:30:00,0.346997
2022-11-09 04:00:00,0.6260617
2022-11-09 04:30:00,0.09143924
2022-11-09 05:00:00,-1.3464861
2022-11-09 05:30:00,-0.32701698
2022-11-09 06:00:00,-1.9828514
2022-11-09 06:30:00,-2.8889055
2022-11-09 07:00:00,-6.1128182
2022-11-09 07:30:00,-3.7611954
2022-11-09 08:00:00,-2.8642757
2022-11-09 08:30:00,-5.2552295
2022-11-09 09:00:00,-4.9834685
2022-11-09 09:30:00,-5.012167
2022-11-09 10:00:00,-5.4237094
2022-11-09 10:30:00,-5.305767
2022-11-09 11:00:00,-4.07818
2022-11-09 11:30:00,-4.1532207
2022-11-09 12:00:00,-4.343359
2022-11-09 12:30:00,-6.1991377
2022-11-09 13:00:00,-6.715167
2022-11-09 13:30:00,-6.6062536
2022-11-09 14:00:00,-6.4926076
2022-11-09 14:30:00,-7.2695017
2022-11-09 15:00:00,-6.41943
2022-11-09 15:30:00,-6.214272
2022-11-09 16:00:00,-5.3179483
2022-11-09 16:30:00,-7.7442684
2022-11-09 17:00:00,-13.003945
2022-11-09 17:30:00,-13.534373
2022-11-09 18:00:00,-12.624142
2022-11-09 18:30:00,-12.853813
2022-11-09 19:00:00,-13.892265
2022-11-09 19:30:00,-13.67209
2022-11-09 20:00:00,-15.740199
2022-11-09 20:30:00,-14.06401
2022-11-09 21:00:00,-13.044973
2022-11-09 21:30:00,-11.728814
2022-11-09 22:00:00,-11.64288
2022-11-09 22:30:00,-11.700347
2022-11-09 23:00:00,-8.97643
2022-11-09 23:30:00,-8.079827
2022-11-10 00:00:00,-8.587322
2022-11-10 00:30:00,-7.976749
2022-11-10 01:00:00,-6.7055817
2022-11-10 01:30:00,-8.115851
2022-11-10 02:00:00,-7.420728
2022-11-10 02:30:00,-8.0855465
2022-11-10 03:00:00,-6.813899
2022-11-10 03:30:00,-2.046137
2022-11-10 04:00:00,-1.268167
2022-11-10 04:30:00,-2.1515083
2022-11-10 05:00:00,-2.371508
2022-11-10 05:30:00,-2.8666406
2022-11-10 06:00:00,-2.6317482
2022-11-10 06:30:00,-1.1321079
2022-11-10 07:00:00,-3.830229
2022-11-10 07:30:00,-3.0549376
2022-11-10 08:00:00,-0.7775113
2022-11-10 08:30:00,-2.6051328
2022-11-10 09:00:00,-6.692411
2022-11-10 09:30:00,-7.774032
2022-11-10 10:00:00,-5.6493626
2022-11-10 10:30:00,-7.7438207
2022-11-10 11:00:00,-7.3078184
2022-11-10 11:30:00,-4.3917303
2022-11-10 12:00:00,-4.83113
2022-11-10 12:30:00,-5.704052
2022-11-10 13:00:00,-8.396071
2022-11-10 13:30:00,-10.405607
2022-11-10 14:00:00,-6.8887053
2022-11-10 14:30:00,-4.4166203
2022-11-10 15:00:00,-8.174227
2022-11-10 15:30:00,-9.137757
2022-11-10 16:00:00,-11.098446
2022-11-10 16:30:00,-10.91009
2022-11-10 17:00:00,-10.790358
2022-11-10 17:30:00,-11.031531
2022-11-10 18:00:00,-9.183057
2022-11-10 18:30:00,-7.544075
2022-11-10 19:00:00,-9.516893
2022-11-10 19:30:00,-9.45741
2022-11-10 20:00:00,-10.77223
2022-11-10 20:30:00,-7.895946
2022-11-10 21:00:00,-7.9152107
2022-11-10 21:30:00,-9.356941
2022-11-10 22:00:00,-7.3521137
2022-11-10 22:30:00,-5.297315
2022-11-10 23:00:00,-3.8432877
2022-11-10 23:30:00,-0.3036942
2022-11-11 00:00:00,0.9419157
2022-11-11 00:30:00,2.0077958
2022-11-11 01:00:00,-0.4489814
2022-11-11 01:30:00,-2.8906312
2022-11-11 02:00:00,-4.480487
2022-11-11 02:30:00,-7.6459265
2022-11-11 03:00:00,-8.3656435
2022-11-11 03:30:00,-5.9697514
2022-11-11 04:00:00,-6.9641175
2022-11-11 04:30:00,-4.342366
2022-11-11 05:00:00,-7.342026
2022-11-11 05:30:00,-8.565273
2022-11-11 06:00:00,-11.173497
2022-11-11 06:30:00,-9.437131
2022-11-11 07:00:00,-12.9040985
2022-11-11 07:30:00,-10.9855175
2022-11-11 08:00:00,-9.659073
2022-11-11 08:30:00,-9.085967
2022-11-11 09:00:00,-5.7076225
2022-11-11 09:30:00,-2.9798102
2022-11-11 10:00:00,-6.62949
2022-11-11 10:30:00,-8.180039
2022-11-11 11:00:00,-6.35209
2022-11-11 11:30:00,-5.2064896
2022-11-11 12:00:00,-5.7314544
2022-11-11 12:30:00,-4.2616754
2022-11-11 13:00:00,-0.90955216
2022-11-11 13:30:00,-0.61423016
2022-11-11 14:00:00,-0.13422132
2022-11-11 14:30:00,-2.3431776
2022-11-11 15:00:00,-2.3208983
2022-11-11 15:30:00,10.5805855
2022-11-11 16:00:00,13.691802
2022-11-11 16:30:00,17.094025
2022-11-11 17:00:00,20.980438
2022-11-11 17:30:00,24.080996
2022-11-11 18:00:00,19.651588
2022-11-11 18:30:00,14.930248
2022-11-11 19:00:00,13.224653
2022-11-11 19:30:00,10.75456
2022-11-11 20:00:00,10.664107
2022-11-11 20:30:00,10.786794
2022-11-11 21:00:00,6.462952
2022-11-11 21:30:00,4.4588175
2022-11-11 22:00:00,2.580251
2022-11-11 22:30:00,2.4999497
2022-11-11 23:00:00,0.7398812
2022-11-11 23:30:00,0.101154655
2022-11-12 00:00:00,0.30089658
2022-11-12 00:30:00,-0.9134586
2022-11-12 01:00:00,-1.0929645
2022-11-12 01:30:00,-1.9127278
2022-11-12 02:00:00,-2.641157
2022-11-12 02:30:00,-2.5365977
2022-11-12 03:00:00,-2.8589034
2022-11-12 03:30:00,-2.0183375
2022-11-12 04:00:00,-4.404522
2022-11-12 04:30:00,-3.0928607
2022-11-12 05:00:00,-2.9891067
2022-11-12 05:30:00,-3.001584
2022-11-12 06:00:00,-2.4763522
2022-11-12 06:30:00,-3.331392
2022-11-12 07:00:00,-4.0967584
2022-11-12 07:30:00,-4.07779
2022-11-12 08:00:00,-4.1729293
2022-11-12 08:30:00,-5.1075087
2022-11-12 09:00:00,-6.864061
2022-11-12 09:30:00,-3.9699059
2022-11-12 10:00:00,-1.7112421
2022-11-12 10:30:00,-0.4554078
2022-11-12 11:00:00,-1.0563377
2022-11-12 11:30:00,-2.2831557
2022-11-12 12:00:00,-1.8866396
2022-11-12 12:30:00,-4.675445
2022-11-12 13:00:00,-4.9016113
2022-11-12 13:30:00,-5.7547555
2022-11-12 14:00:00,-3.8092132
2022-11-12 14:30:00,-4.071544
2022-11-12 15:00:00,-5.044458
2022-11-12 15:30:00,-4.931339
2022-11-12 16:00:00,-5.3134136
2022-11-12 16:30:00,-5.2534204
2022-11-12 17:00:00,-5.9063897
2022-11-12 17:30:00,-3.9006307
2022-11-12 18:00:00,-3.1306212
2022-11-12 18:30:00,-5.6332316
2022-11-12 19:00:00,-5.8925047
2022-11-12 19:30:00,-5.426381
2022-11-12 20:00:00,-5.759283
2022-11-12 20:30:00,-7.122752
2022-11-12 21:00:00,-5.398466
2022-11-12 21:30:00,-7.514694
2022-11-12 22:00:00,-8.677786
2022-11-12 22:30:00,-8.40122
2022-11-12 23:00:00,-8.286801
2022-11-12 23:30:00,-8.695947
2022-11-13 00:00:00,-7.8002467
2022-11-13 00:30:00,-8.481976
2022-11-13 01:00:00,-9.219521
2022-11-13 01:30:00,-8.366828
2022-11-13 02:00:00,-8.501595
2022-11-13 02:30:00,-8.184253
2022-11-13 03:00:00,-7.644132
2022-11-13 03:30:00,-7.372187
2022-11-13 04:00:00,-7.353081
2022-11-13 04:30:00,-7.665079
2022-11-13 05:00:00,-5.901696
2022-11-13 05:30:00,-7.859857
2022-11-13 06:00:00,-7.7838917
2022-11-13 06:30:00,-8.240509
2022-11-13 07:00:00,-6.5368595
2022-11-13 07:30:00,-6.597777
2022-11-13 08:00:00,-6.3632097
2022-11-13 08:30:00,-6.1883354
2022-11-13 09:00:00,-8.119971
2022-11-13 09:30:00,-8.5780325
2022-11-13 10:00:00,-8.728714
2022-11-13 10:30:00,-8.488279
2022-11-13 11:00:00,-8.149053
2022-11-13 11:30:00,-9.747832
2022-11-13 12:00:00,-9.029571
2022-11-13 12:30:00,-8.96675
2022-11-13 13:00:00,-7.7388816
2022-11-13 13:30:00,-8.367821
2022-11-13 14:00:00,-9.588667
2022-11-13 14:30:00,-9.098419
2022-11-13 15:00:00,-9.820126
2022-11-13 15:30:00,-10.446852
2022-11-13 16:00:00,-10.282379
2022-11-13 16:30:00,-10.239835
2022-11-13 17:00:00,-13.121524
2022-11-13 17:30:00,-12.936013
2022-11-13 18:00:00,-14.433124
2022-11-13 18:30:00,-16.365177
2022-11-13 19:00:00,-19.734749
2022-11-13 19:30:00,-30.755081
2022-11-13 20:00:00,-36.086407
2022-11-13 20:30:00,-33.10656
2022-11-13 21:00:00,-29.173649
2022-11-13 21:30:00,-25.190048
2022-11-13 22:00:00,-22.990183
2022-11-13 22:30:00,-24.859303
2022-11-13 23:00:00,-27.435444
2022-11-13 23:30:00,-26.928751
2022-11-14 00:00:00,-26.328915
2022-11-14 00:30:00,-24.160515
2022-11-14 01:00:00,-23.908031
2022-11-14 01:30:00,-24.198563
2022-11-14 02:00:00,-26.1217
2022-11-14 02:30:00,-25.634647
2022-11-14 03:00:00,-22.526064
2022-11-14 03:30:00,-19.48555
2022-11-14 04:00:00,-17.893213
2022-11-14 04:30:00,-16.161207
2022-11-14 05:00:00,-14.163456
2022-11-14 05:30:00,-11.193105
2022-11-14 06:00:00,-13.305839
2022-11-14 06:30:00,-10.082604
2022-11-14 07:00:00,-10.036284
2022-11-14 07:30:00,-9.2345
2022-11-14 08:00:00,-11.512176
2022-11-14 08:30:00,-9.28228
2022-11-14 09:00:00,-10.958743
2022-11-14 09:30:00,-13.977534
2022-11-14 10:00:00,-14.484257
2022-11-14 10:30:00,-16.745092
2022-11-14 11:00:00,-19.2812
2022-11-14 11:30:00,-22.259596
2022-11-14 12:00:00,-22.357637
2022-11-14 12:30:00,-16.391829
2022-11-14 13:00:00,-15.492396
2022-11-14 13:30:00,-10.501198
2022-11-14 14:00:00,-7.813926
2022-11-14 14:30:00,-7.579276
2022-11-14 15:00:00,-6.713647
2022-11-14 15:30:00,-3.9512656
2022-11-14 16:00:00,-6.7718205
2022-11-14 16:30:00,-6.0679994
2022-11-14 17:00:00,-5.0616755
2022-11-14 17:30:00,-3.6304471
2022-11-14 18:00:00,-4.8825593
2022-11-14 18:30:00,-7.66843
2022-11-14 19:00:00,-6.5219812
2022-11-14 19:30:00,-8.995366
2022-11-14 20:00:00,-8.112393
2022-11-14 20:30:00,-7.3480554
2022-11-14 21:00:00,-6.587195
2022-11-14 21:30:00,-4.164023
2022-11-14 22:00:00,-6.615655
2022-11-14 22:30:00,-6.4613566
2022-11-14 23:00:00,-6.543394
2022-11-14 23:30:00,-6.508327
2022-11-15 00:00:00,-4.0809093
2022-11-15 00:30:00,-2.8034344
2022-11-15 01:00:00,-1.3239143
2022-11-15 01:30:00,-1.154037
2022-11-15 02:00:00,0.29636198
2022-11-15 02:30:00,-0.8424829
2022-11-15 03:00:00,3.0269868
2022-11-15 03:30:00,4.817743
2022-11-15 04:00:00,3.9437091
2022-11-15 04:30:00,3.3573184
2022-11-15 05:00:00,4.302288
2022-11-15 05:30:00,4.3075733
2022-11-15 06:00:00,7.4942164
2022-11-15 06:30:00,8.465715
2022-11-15 07:00:00,9.661069
2022-11-15 07:30:00,12.585839
2022-11-15 08:00:00,10.841649
2022-11-15 08:30:00,11.921436
2022-11-15 09:00:00,10.745773
2022-11-15 09:30:00,9.9105215
2022-11-15 10:00:00,0.26449716
2022-11-15 10:30:00,-3.5394378
2022-11-15 11:00:00,-4.1232476
2022-11-15 11:30:00,-7.1424108
2022-11-15 12:00:00,-7.1086035
2022-11-15 12:30:00,-3.9053276
2022-11-15 13:00:00,-4.375397
2022-11-15 13:30:00,-4.6436634
2022-11-15 14:00:00,-9.83269
2022-11-15 14:30:00,-7.9289374
2022-11-15 15:00:00,-7.96264
2022-11-15 15:30:00,-7.8148036
2022-11-15 16:00:00,-8.903541
2022-11-15 16:30:00,-8.098085
2022-11-15 17:00:00,-10.952079
2022-11-15 17:30:00,-0.90863514
2022-11-15 18:00:00,-1.8445864
2022-11-15 18:30:00,5.1615844
2022-11-15 19:00:00,7.6936154
2022-11-15 19:30:00,12.475247
2022-11-15 20:00:00,12.866312
2022-11-15 20:30:00,10.25258
2022-11-15 21:00:00,8.891503
2022-11-15 21:30:00,7.508643
2022-11-15 22:00:00,8.974938
2022-11-15 22:30:00,8.572018
2022-11-15 23:00:00,6.0021577
2022-11-15 23:30:00,5.8349485
2022-11-16 00:00:00,4.7543526
2022-11-16 00:30:00,7.513943
2022-11-16 01:00:00,8.72176
2022-11-16 01:30:00,6.475242
2022-11-16 02:00:00,5.876554
2022-11-16 02:30:00,5.4618564
2022-11-16 03:00:00,6.4812493
2022-11-16 03:30:00,4.6628814
2022-11-16 04:00:00,5.7392097
2022-11-16 04:30:00,4.980078
2022-11-16 05:00:00,3.4514399
2022-11-16 05:30:00,3.684487
2022-11-16 06:00:00,6.264232
2022-11-16 06:30:00,9.067465
2022-11-16 07:00:00,6.620363
2022-11-16 07:30:00,5.71289
2022-11-16 08:00:00,2.4709082
2022-11-16 08:30:00,2.9983425
2022-11-16 09:00:00,3.2723958
2022-11-16 09:30:00,5.6784115
2022-11-16 10:00:00,6.451659
2022-11-16 10:30:00,-0.23436126
2022-11-16 11:00:00,-1.4136709
2022-11-16 11:30:00,-0.27772504
2022-11-16 12:00:00,-6.257416
2022-11-16 12:30:00,-2.071821
2022-11-16 13:00:00,-5.4417467
2022-11-16 13:30:00,-9.608589
2022-11-16 14:00:00,-9.1152
2022-11-16 14:30:00,-5.963686
2022-11-16 15:00:00,-2.1883266
2022-11-16 15:30:00,-2.5157554
2022-11-16 16:00:00,-4.154477
2022-11-16 16:30:00,-2.7455137
2022-11-16 17:00:00,-2.6878312
2022-11-16 17:30:00,-4.163716
2022-11-16 18:00:00,-6.2284245
2022-11-16 18:30:00,-7.618672
2022-11-16 19:00:00,-7.9147053
2022-11-16 19:30:00,-6.864234
2022-11-16 20:00:00,-8.162728
2022-11-16 20:30:00,-5.218534
2022-11-16 21:00:00,-6.395345
2022-11-16 21:30:00,-7.459716
2022-11-16 22:00:00,-6.947124
2022-11-16 22:30:00,-6.6556687
2022-11-16 23:00:00,-4.923273
2022-11-16 23:30:00,-4.7371497
2022-11-17 00:00:00,-3.8304636
2022-11-17 00:30:00,-6.8144403
2022-11-17 01:00:00,-5.6669235
2022-11-17 01:30:00,-4.840423
2022-11-17 02:00:00,-3.0213976
2022-11-17 02:30:00,0.26525173
2022-11-17 03:00:00,-0.67966753
2022-11-17 03:30:00,-1.9810643
2022-11-17 04:00:00,1.5831839
2022-11-17 04:30:00,1.9024245
2022-11-17 05:00:00,-0.7902233
2022-11-17 05:30:00,0.6183933
2022-11-17 06:00:00,1.238079
2022-11-17 06:30:00,1.2527441
2022-11-17 07:00:00,2.308768
2022-11-17 07:30:00,3.2139518
2022-11-17 08:00:00,-0.13942382
2022-11-17 08:30:00,-1.2381434
2022-11-17 09:00:00,-0.109169185
2022-11-17 09:30:00,-2.439906
2022-11-17 10:00:00,-1.7791562
2022-11-17 10:30:00,-2.2603457
2022-11-17 11:00:00,0.81438774
2022-11-17 11:30:00,2.399344
2022-11-17 12:00:00,0.4875908
2022-11-17 12:30:00,-0.9789573
2022-11-17 13:00:00,4.884325
2022-11-17 13:30:00,4.0539327
2022-11-17 14:00:00,3.689686
2022-11-17 14:30:00,2.3568432
2022-11-17 15:00:00,3.4900343
2022-11-17 15:30:00,1.3055418
2022-11-17 16:00:00,-2.9031591
2022-11-17 16:30:00,-4.1784062
2022-11-17 17:00:00,-2.7470336
2022-11-17 17:30:00,-3.3364718
2022-11-17 18:00:00,-5.5430164
2022-11-17 18:30:00,-2.3429935
2022-11-17 19:00:00,-0.68917716
2022-11-17 19:30:00,-0.8658093
2022-11-17 20:00:00,-1.8311306
2022-11-17 20:30:00,-2.1278534
2022-11-17 21:00:00,-1.7675056
2022-11-17 21:30:00,-0.99622554
2022-11-17 22:00:00,-1.2429416
2022-11-17 22:30:00,-0.76758283
2022-11-17 23:00:00,-1.2522166
2022-11-17 23:30:00,-1.4513917
2022-11-18 00:00:00,-2.634662
2022-11-18 00:30:00,-2.4802513
2022-11-18 01:00:00,-3.1686127
2022-11-18 01:30:00,-4.3330407
2022-11-18 02:00:00,-3.9843254
2022-11-18 02:30:00,-0.32188308
2022-11-18 03:00:00,0.23532203
2022-11-18 03:30:00,0.1566961
2022-11-18 04:00:00,0.82982916
2022-11-18 04:30:00,0.48020405
2022-11-18 05:00:00,1.4676098
2022-11-18 05:30:00,0.98853236
2022-11-18 06:00:00,1.4405395
2022-11-18 06:30:00,2.4929602
2022-11-18 07:00:00,6.9809203
2022-11-18 07:30:00,9.445857
2022-11-18 08:00:00,11.347891
2022-11-18 08:30:00,11.102468
2022-11-18 09:00:00,14.124407
2022-11-18 09:30:00,16.872198
2022-11-18 10:00:00,17.652502
2022-11-18 10:30:00,19.061132
2022-11-18 11:00:00,19.447706
2022-11-18 11:30:00,18.52964
2022-11-18 12:00:00,18.206543
2022-11-18 12:30:00,18.06655
2022-11-18 13:00:00,17.400644
2022-11-18 13:30:00,17.443478
2022-11-18 14:00:00,17.399214
2022-11-18 14:30:00,16.862703
2022-11-18 15:00:00,18.331554
2022-11-18 15:30:00,18.583767
2022-11-18 16:00:00,18.18621
2022-11-18 16:30:00,17.570684
2022-11-18 17:00:00,17.41965
2022-11-18 17:30:00,17.24545
2022-11-18 18:00:00,17.899094
2022-11-18 18:30:00,18.32892
2022-11-18 19:00:00,18.140236
2022-11-18 19:30:00,17.730694
2022-11-18 20:00:00,18.323114
2022-11-18 20:30:00,18.227924
2022-11-18 21:00:00,18.949074
2022-11-18 21:30:00,18.637127
2022-11-18 22:00:00,18.73309
2022-11-18 22:30:00,18.41268
2022-11-18 23:00:00,17.774307
2022-11-18 23:30:00,17.482592
2022-11-19 00:00:00,16.719872
2022-11-19 00:30:00,19.080187
2022-11-19 01:00:00,19.537386
2022-11-19 01:30:00,20.689749
2022-11-19 02:00:00,22.245718
2022-11-19 02:30:00,22.743374
2022-11-19 03:00:00,22.06224
2022-11-19 03:30:00,21.901327
2022-11-19 04:00:00,21.296206
2022-11-19 04:30:00,20.648691
2022-11-19 05:00:00,18.698683
2022-11-19 05:30:00,19.540867
2022-11-19 06:00:00,18.614613
2022-11-19 06:30:00,18.866282
2022-11-19 07:00:00,19.492517
2022-11-19 07:30:00,19.548239
2022-11-19 08:00:00,20.778158
2022-11-19 08:30:00,20.444376
2022-11-19 09:00:00,20.243439
2022-11-19 09:30:00,21.608355
2022-11-19 10:00:00,22.501278
2022-11-19 10:30:00,23.196566
2022-11-19 11:00:00,23.412659
2022-11-19 11:30:00,23.269392
2022-11-19 12:00:00,23.782963
2022-11-19 12:30:00,23.441107
2022-11-19 13:00:00,22.92202
2022-11-19 13:30:00,24.001894
2022-11-19 14:00:00,23.537699
2022-11-19 14:30:00,21.633966
2022-11-19 15:00:00,20.782354
2022-11-19 15:30:00,20.729057
2022-11-19 16:00:00,18.46622
2022-11-19 16:30:00,9.997199
2022-11-19 17:00:00,11.231363
2022-11-19 17:30:00,17.825674
2022-11-19 18:00:00,15.55735
2022-11-19 18:30:00,13.179444
2022-11-19 19:00:00,16.504847
2022-11-19 19:30:00,17.905094
2022-11-19 20:00:00,11.001111
2022-11-19 20:30:00,7.290969
2022-11-19 21:00:00,8.048656
2022-11-19 21:30:00,6.4438105
2022-11-19 22:00:00,7.0075502
2022-11-19 22:30:00,10.494414
2022-11-19 23:00:00,7.795073
2022-11-19 23:30:00,14.339056
2022-11-20 00:00:00,12.106626
2022-11-20 00:30:00,14.135332
2022-11-20 01:00:00,20.593323
2022-11-20 01:30:00,21.198105
2022-11-20 02:00:00,23.710093
2022-11-20 02:30:00,27.34077
2022-11-20 03:00:00,27.636875
2022-11-20 03:30:00,27.511293
2022-11-20 04:00:00,27.201584
2022-11-20 04:30:00,24.070599
2022-11-20 05:00:00,19.908283
2022-11-20 05:30:00,19.15872
2022-11-20 06:00:00,24.067003
2022-11-20 06:30:00,22.895824
2022-11-20 07:00:00,22.71236
2022-11-20 07:30:00,24.014206
2022-11-20 08:00:00,25.114023
2022-11-20 08:30:00,23.92469
2022-11-20 09:00:00,19.99091
2022-11-20 09:30:00,19.09941
2022-11-20 10:00:00,18.465622
2022-11-20 10:30:00,18.386417
2022-11-20 11:00:00,17.759014
2022-11-20 11:30:00,14.78369
2022-11-20 12:00:00,15.602183
2022-11-20 12:30:00,12.921153
2022-11-20 13:00:00,12.850441
2022-11-20 13:30:00,14.862281
2022-11-20 14:00:00,15.664519
2022-11-20 14:30:00,15.789733
2022-11-20 15:00:00,16.436235
2022-11-20 15:30:00,16.507685
2022-11-20 16:00:00,19.65543
2022-11-20 16:30:00,18.014221
2022-11-20 17:00:00,15.142428
2022-11-20 17:30:00,14.982606
2022-11-20 18:00:00,13.352704
2022-11-20 18:30:00,12.065763
2022-11-20 19:00:00,10.027244
2022-11-20 19:30:00,9.242638
2022-11-20 20:00:00,8.71246
2022-11-20 20:30:00,7.3243065
2022-11-20 21:00:00,6.437723
2022-11-20 21:30:00,5.3948483
2022-11-20 22:00:00,5.4784565
2022-11-20 22:30:00,3.4072492
2022-11-20 23:00:00,1.5346392
2022-11-20 23:30:00,1.46644
2022-11-21 00:00:00,-0.46906933
2022-11-21 00:30:00,0.4490107
2022-11-21 01:00:00,0.59766275
2022-11-21 01:30:00,1.668785
2022-11-21 02:00:00,3.5170903
2022-11-21 02:30:00,4.5924654
2022-11-21 03:00:00,3.8253262
2022-11-21 03:30:00,3.5361528
2022-11-21 04:00:00,3.5843146
2022-11-21 04:30:00,3.041587
2022-11-21 05:00:00,2.856095
2022-11-21 05:30:00,0.76606333
2022-11-21 06:00:00,6.545889
2022-11-21 06:30:00,8.195582
2022-11-21 07:00:00,9.185746
2022-11-21 07:30:00,9.987328
2022-11-21 08:00:00,9.512229
2022-11-21 08:30:00,9.943296
2022-11-21 09:00:00,8.260648
2022-11-21 09:30:00,5.6651616
2022-11-21 10:00:00,3.8987532
2022-11-21 10:30:00,3.3383496
2022-11-21 11:00:00,2.70067
2022-11-21 11:30:00,1.4902682
2022-11-21 12:00:00,2.4820426
2022-11-21 12:30:00,2.851409
2022-11-21 13:00:00,1.7986922
2022-11-21 13:30:00,1.6393679
2022-11-21 14:00:00,0.6031216
2022-11-21 14:30:00,-0.7382922
2022-11-21 15:00:00,-4.8035398
2022-11-21 15:30:00,-6.1094246
2022-11-21 16:00:00,-0.57574755
2022-11-21 16:30:00,1.196625
2022-11-21 17:00:00,-0.00236095
2022-11-21 17:30:00,-2.0333529
2022-11-21 18:00:00,-3.0287952
2022-11-21 18:30:00,-0.5236901
2022-11-21 19:00:00,-4.1880713
2022-11-21 19:30:00,-6.4982038
2022-11-21 20:00:00,-6.4964886
2022-11-21 20:30:00,-6.6270275
2022-11-21 21:00:00,-5.230502
2022-11-21 21:30:00,-7.802763
2022-11-21 22:00:00,-10.731437
2022-11-21 22:30:00,-12.886487
2022-11-21 23:00:00,-13.084651
2022-11-21 23:30:00,-13.627877
2022-11-22 00:00:00,-13.480576
2022-11-22 00:30:00,-14.718445
2022-11-22 01:00:00,-17.64292
2022-11-22 01:30:00,-21.03373
2022-11-22 02:00:00,-22.723232
2022-11-22 02:30:00,-24.383656
2022-11-22 03:00:00,-25.21083
2022-11-22 03:30:00,-24.650331
2022-11-22 04:00:00,-23.779995
2022-11-22 04:30:00,-21.415342
2022-11-22 05:00:00,-14.393767
2022-11-22 05:30:00,-14.280005
2022-11-22 06:00:00,-8.460025
2022-11-22 06:30:00,-5.341466
2022-11-22 07:00:00,-0.7300642
2022-11-22 07:30:00,-2.6121984
2022-11-22 08:00:00,-4.9315443
2022-11-22 08:30:00,-3.5497344
2022-11-22 09:00:00,-3.6948988
2022-11-22 09:30:00,-4.231417
2022-11-22 10:00:00,-3.349155
2022-11-22 10:30:00,-2.046296
2022-11-22 11:00:00,-2.7307653
2022-11-22 11:30:00,-5.137915
2022-11-22 12:00:00,-7.269545
2022-11-22 12:30:00,-7.03683
2022-11-22 13:00:00,-7.572752
2022-11-22 13:30:00,-8.963277
2022-11-22 14:00:00,-9.388149
2022-11-22 14:30:00,-8.622338
2022-11-22 15:00:00,-8.357835
2022-11-22 15:30:00,-10.473557
2022-11-22 16:00:00,-8.595262
2022-11-22 16:30:00,-7.3523264
2022-11-22 17:00:00,-6.445092
2022-11-22 17:30:00,-2.5600362
2022-11-22 18:00:00,-3.720525
2022-11-22 18:30:00,-1.2353743
2022-11-22 19:00:00,-1.0724939
2022-11-22 19:30:00,-0.83753675
2022-11-22 20:00:00,-2.2137687
2022-11-22 20:30:00,-5.014308
2022-11-22 21:00:00,-4.696053
2022-11-22 21:30:00,-1.8124038
2022-11-22 22:00:00,-1.647794
2022-11-22 22:30:00,-0.64109105
2022-11-22 23:00:00,-1.011472
2022-11-22 23:30:00,0.22785585
2022-11-23 00:00:00,-1.4023199
2022-11-23 00:30:00,-1.2434326
2022-11-23 01:00:00,-1.1696337
2022-11-23 01:30:00,-2.081385
2022-11-23 02:00:00,-1.0251335
2022-11-23 02:30:00,-2.655638
2022-11-23 03:00:00,-2.711573
2022-11-23 03:30:00,-4.3579307
2022-11-23 04:00:00,-5.6740355
2022-11-23 04:30:00,-3.7257998
2022-11-23 05:00:00,-1.4839786
2022-11-23 05:30:00,-2.0645208
2022-11-23 06:00:00,-1.2508374
2022-11-23 06:30:00,-0.68420935
2022-11-23 07:00:00,-0.5669275
2022-11-23 07:30:00,-2.2767653
2022-11-23 08:00:00,-1.5810895
2022-11-23 08:30:00,-2.07159
2022-11-23 09:00:00,-3.1218228
2022-11-23 09:30:00,-2.5734665
2022-11-23 10:00:00,-4.2204995
2022-11-23 10:30:00,-3.8382294
2022-11-23 11:00:00,-0.05495274
2022-11-23 11:30:00,-0.25092188
2022-11-23 12:00:00,1.5227758
2022-11-23 12:30:00,1.8394963
2022-11-23 13:00:00,0.03439951
2022-11-23 13:30:00,-1.894409
2022-11-23 14:00:00,-1.6288362
2022-11-23 14:30:00,-4.7638226
2022-11-23 15:00:00,-5.4832077
2022-11-23 15:30:00,-5.8550763
2022-11-23 16:00:00,-4.966352
2022-11-23 16:30:00,-4.4925094
2022-11-23 17:00:00,-4.0163274
2022-11-23 17:30:00,-3.556995
2022-11-23 18:00:00,-6.2912445
2022-11-23 18:30:00,-5.9690366
2022-11-23 19:00:00,-5.0508046
2022-11-23 19:30:00,-2.9314568
2022-11-23 20:00:00,-3.338082
2022-11-23 20:30:00,-1.1484302
2022-11-23 21:00:00,0.83063066
2022-11-23 21:30:00,2.5825398
2022-11-23 22:00:00,-0.31236985
2022-11-23 22:30:00,-1.9647312
2022-11-23 23:00:00,-5.2345495
2022-11-23 23:30:00,-6.706231
2022-11-24 00:00:00,-9.02631
2022-11-24 00:30:00,-7.2670217
2022-11-24 01:00:00,-4.923746
2022-11-24 01:30:00,-3.5804186
2022-11-24 02:00:00,-2.7919533
2022-11-24 02:30:00,-1.6467326
2022-11-24 03:00:00,-1.211333
2022-11-24 03:30:00,-0.56072134
2022-11-24 04:00:00,-1.4640712
2022-11-24 04:30:00,-0.7411263
2022-11-24 05:00:00,-4.499026
2022-11-24 05:30:00,-5.1138844
2022-11-24 06:00:00,-1.3318028
2022-11-24 06:30:00,-0.94628733
2022-11-24 07:00:00,-0.16011105
2022-11-24 07:30:00,6.4891925
2022-11-24 08:00:00,3.3716948
2022-11-24 08:30:00,0.42318234
2022-11-24 09:00:00,0.46382752
2022-11-24 09:30:00,1.1120131
2022-11-24 10:00:00,6.949705
2022-11-24 10:30:00,10.308367
2022-11-24 11:00:00,13.846605
2022-11-24 11:30:00,16.402184
2022-11-24 12:00:00,17.538595
2022-11-24 12:30:00,19.041348
2022-11-24 13:00:00,19.2152
2022-11-24 13:30:00,17.717192
2022-11-24 14:00:00,14.922523
2022-11-24 14:30:00,15.245562
2022-11-24 15:00:00,14.529703
2022-11-24 15:30:00,16.851707
2022-11-24 16:00:00,16.973534
2022-11-24 16:30:00,14.515146
2022-11-24 17:00:00,14.994152
2022-11-24 17:30:00,15.169167
2022-11-24 18:00:00,13.84839
2022-11-24 18:30:00,12.520399
2022-11-24 19:00:00,12.626218
2022-11-24 19:30:00,13.634867
2022-11-24 20:00:00,11.259055
2022-11-24 20:30:00,12.520197
2022-11-24 21:00:00,13.342776
2022-11-24 21:30:00,1.9377046
2022-11-24 22:00:00,0.8132577
2022-11-24 22:30:00,2.2980597
2022-11-24 23:00:00,2.5468986
2022-11-24 23:30:00,2.689803
2022-11-25 00:00:00,-0.19849256
2022-11-25 00:30:00,3.4864817
2022-11-25 01:00:00,4.406656
2022-11-25 01:30:00,1.9456474
2022-11-25 02:00:00,1.8495907
2022-11-25 02:30:00,2.3899138
2022-11-25 03:00:00,2.381119
2022-11-25 03:30:00,0.9805102
2022-11-25 04:00:00,1.0953118
2022-11-25 04:30:00,4.6966233
2022-11-25 05:00:00,3.4406881
2022-11-25 05:30:00,5.5664477
2022-11-25 06:00:00,9.426151
2022-11-25 06:30:00,9.860425
2022-11-25 07:00:00,10.368016
2022-11-25 07:30:00,11.081918
2022-11-25 08:00:00,10.9355545
2022-11-25 08:30:00,9.425076
2022-11-25 09:00:00,7.3613634
2022-11-25 09:30:00,5.4649973
2022-11-25 10:00:00,4.652541
2022-11-25 10:30:00,5.381837
2022-11-25 11:00:00,5.1594324
2022-11-25 11:30:00,0.93309927
2022-11-25 12:00:00,1.1768404
2022-11-25 12:30:00,0.010163312
2022-11-25 13:00:00,1.7044696
2022-11-25 13:30:00,-0.90147585
2022-11-25 14:00:00,-2.0068276
2022-11-25 14:30:00,-6.662633
2022-11-25 15:00:00,-9.051745
2022-11-25 15:30:00,-7.31835
2022-11-25 16:00:00,-6.9598866
2022-11-25 16:30:00,-3.9687576
2022-11-25 17:00:00,-3.286447
2022-11-25 17:30:00,-3.975509
2022-11-25 18:00:00,-5.048281
2022-11-25 18:30:00,-5.6055727
2022-11-25 19:00:00,-5.244066
2022-11-25 19:30:00,-3.041565
2022-11-25 20:00:00,-0.0922367
2022-11-25 20:30:00,0.8311361
2022-11-25 21:00:00,-3.6982927
2022-11-25 21:30:00,-2.2776356
2022-11-25 22:00:00,-1.0390623
2022-11-25 22:30:00,-0.6532543
2022-11-25 23:00:00,-2.7549655
2022-11-25 23:30:00,-1.9527954
2022-11-26 00:00:00,-1.096907
2022-11-26 00:30:00,-0.95979726
2022-11-26 01:00:00,-0.62323797
2022-11-26 01:30:00,-0.246001
2022-11-26 02:00:00,-0.2370618
2022-11-26 02:30:00,1.5427554
2022-11-26 03:00:00,-2.1632383
2022-11-26 03:30:00,-4.394211
2022-11-26 04:00:00,-5.8419056
2022-11-26 04:30:00,-2.4059107
2022-11-26 05:00:00,-3.118913
2022-11-26 05:30:00,-0.8897314
2022-11-26 06:00:00,-2.8547263
2022-11-26 06:30:00,-6.9025145
2022-11-26 07:00:00,-5.6963944
2022-11-26 07:30:00,-6.478264
2022-11-26 08:00:00,-2.9188206
2022-11-26 08:30:00,0.7115039
2022-11-26 09:00:00,2.6178923
2022-11-26 09:30:00,3.7655032
2022-11-26 10:00:00,4.6102858
2022-11-26 10:30:00,4.350623
2022-11-26 11:00:00,4.4994483
2022-11-26 11:30:00,7.0503902
2022-11-26 12:00:00,7.4877253
2022-11-26 12:30:00,8.430803
2022-11-26 13:00:00,11.139625
2022-11-26 13:30:00,12.127897
2022-11-26 14:00:00,11.293996
2022-11-26 14:30:00,10.885746
2022-11-26 15:00:00,8.260965
2022-11-26 15:30:00,6.277576
2022-11-26 16:00:00,3.5022156
2022-11-26 16:30:00,4.221806
2022-11-26 17:00:00,4.9748793
2022-11-26 17:30:00,3.2854004
2022-11-26 18:00:00,-0.6076846
2022-11-26 18:30:00,0.96403986
2022-11-26 19:00:00,4.452319
2022-11-26 19:30:00,5.0495124
2022-11-26 20:00:00,4.6601157
2022-11-26 20:30:00,11.110612
2022-11-26 21:00:00,14.038163
2022-11-26 21:30:00,16.498566
2022-11-26 22:00:00,16.867916
2022-11-26 22:30:00,17.6273
2022-11-26 23:00:00,15.263764
2022-11-26 23:30:00,11.767535
2022-11-27 00:00:00,10.532533
2022-11-27 00:30:00,10.778144
2022-11-27 01:00:00,12.217535
2022-11-27 01:30:00,12.147884
2022-11-27 02:00:00,13.117772
2022-11-27 02:30:00,12.76058
2022-11-27 03:00:00,12.096379
2022-11-27 03:30:00,14.806977
2022-11-27 04:00:00,15.323191
2022-11-27 04:30:00,15.158104
2022-11-27 05:00:00,14.52623
2022-11-27 05:30:00,14.440455
2022-11-27 06:00:00,16.00789
2022-11-27 06:30:00,17.06751
2022-11-27 07:00:00,17.285273
2022-11-27 07:30:00,16.785292
2022-11-27 08:00:00,17.426653
2022-11-27 08:30:00,18.010517
2022-11-27 09:00:00,19.38064
2022-11-27 09:30:00,18.466257
2022-11-27 10:00:00,18.891453
2022-11-27 10:30:00,18.156475
2022-11-27 11:00:00,17.834953
2022-11-27 11:30:00,18.139824
2022-11-27 12:00:00,18.342941
2022-11-27 12:30:00,17.924742
2022-11-27 13:00:00,19.167147
2022-11-27 13:30:00,20.360788
2022-11-27 14:00:00,22.025942
2022-11-27 14:30:00,23.11248
2022-11-27 15:00:00,23.791086
2022-11-27 15:30:00,24.237938
2022-11-27 16:00:00,23.530283
2022-11-27 16:30:00,23.744484
2022-11-27 17:00:00,23.62158
2022-11-27 17:30:00,23.29533
2022-11-27 18:00:00,22.44999
2022-11-27 18:30:00,22.010654
2022-11-27 19:00:00,22.420155
2022-11-27 19:30:00,23.49823
2022-11-27 20:00:00,23.412203
2022-11-27 20:30:00,23.021536
2022-11-27 21:00:00,23.579073
2022-11-27 21:30:00,24.938566
2022-11-27 22:00:00,24.033947
2022-11-27 22:30:00,24.640432
2022-11-27 23:00:00,24.46705
2022-11-27 23:30:00,23.850288
2022-11-28 00:00:00,24.070498
2022-11-28 00:30:00,23.488344
2022-11-28 01:00:00,23.723139
2022-11-28 01:30:00,24.11775
2022-11-28 02:00:00,22.720476
2022-11-28 02:30:00,22.48727
2022-11-28 03:00:00,21.46782
2022-11-28 03:30:00,21.158356
2022-11-28 04:00:00,22.040924
2022-11-28 04:30:00,21.457523
2022-11-28 05:00:00,21.770279
2022-11-28 05:30:00,20.9397
2022-11-28 06:00:00,21.224562
2022-11-28 06:30:00,21.366701
2022-11-28 07:00:00,21.512024
2022-11-28 07:30:00,21.476326
2022-11-28 08:00:00,20.534431
2022-11-28 08:30:00,19.995394
2022-11-28 09:00:00,20.794317
2022-11-28 09:30:00,20.5931
2022-11-28 10:00:00,21.744473
2022-11-28 10:30:00,22.298847
2022-11-28 11:00:00,22.26888
2022-11-28 11:30:00,19.39495
2022-11-28 12:00:00,21.645563
2022-11-28 12:30:00,22.453789
2022-11-28 13:00:00,20.609425
2022-11-28 13:30:00,20.63191
2022-11-28 14:00:00,21.425709
2022-11-28 14:30:00,22.269264
2022-11-28 15:00:00,22.479616
2022-11-28 15:30:00,21.281462
2022-11-28 16:00:00,20.833382
2022-11-28 16:30:00,20.84144
2022-11-28 17:00:00,20.657429
2022-11-28 17:30:00,21.08947
2022-11-28 18:00:00,22.236395
2022-11-28 18:30:00,21.565977
2022-11-28 19:00:00,22.184847
2022-11-28 19:30:00,21.923445
2022-11-28 20:00:00,22.340424
2022-11-28 20:30:00,21.841063
2022-11-28 21:00:00,20.781704
2022-11-28 21:30:00,21.197594
2022-11-28 22:00:00,20.918854
2022-11-28 22:30:00,20.836466
2022-11-28 23:00:00,18.938951
2022-11-28 23:30:00,17.885223
2022-11-29 00:00:00,16.847244
2022-11-29 00:30:00,16.514538
2022-11-29 01:00:00,17.117023
2022-11-29 01:30:00,18.33336
2022-11-29 02:00:00,19.494308
2022-11-29 02:30:00,20.387434
2022-11-29 03:00:00,20.877472
2022-11-29 03:30:00,21.9248
2022-11-29 04:00:00,23.164982
2022-11-29 04:30:00,23.483341
2022-11-29 05:00:00,23.150194
2022-11-29 05:30:00,23.287712
2022-11-29 06:00:00,23.345022
2022-11-29 06:30:00,22.608166
2022-11-29 07:00:00,22.609495
2022-11-29 07:30:00,23.457499
2022-11-29 08:00:00,22.113283
2022-11-29 08:30:00,22.19783
2022-11-29 09:00:00,22.091707
2022-11-29 09:30:00,22.407402
2022-11-29 10:00:00,22.052391
2022-11-29 10:30:00,21.676128
2022-11-29 11:00:00,22.330198
2022-11-29 11:30:00,22.072104
2022-11-29 12:00:00,22.960426
2022-11-29 12:30:00,22.918858
2022-11-29 13:00:00,23.493196
2022-11-29 13:30:00,23.0049
2022-11-29 14:00:00,22.180225
2022-11-29 14:30:00,21.413635
2022-11-29 15:00:00,21.40412
2022-11-29 15:30:00,21.939388
2022-11-29 16:00:00,21.064083
2022-11-29 16:30:00,19.950777
2022-11-29 17:00:00,19.00606
2022-11-29 17:30:00,17.161682
2022-11-29 18:00:00,16.752775
2022-11-29 18:30:00,15.334375
2022-11-29 19:00:00,13.285004
2022-11-29 19:30:00,11.092452
2022-11-29 20:00:00,9.933989
2022-11-29 20:30:00,10.753246
2022-11-29 21:00:00,12.107795
2022-11-29 21:30:00,11.300466
2022-11-29 22:00:00,11.709235
2022-11-29 22:30:00,10.112621
2022-11-29 23:00:00,11.447818
2022-11-29 23:30:00,11.902547
2022-11-30 00:00:00,12.559607
2022-11-30 00:30:00,13.0136795
2022-11-30 01:00:00,12.283221
2022-11-30 01:30:00,10.34691
2022-11-30 02:00:00,10.366326
2022-11-30 02:30:00,10.205595
2022-11-30 03:00:00,10.200107
2022-11-30 03:30:00,9.31013
2022-11-30 04:00:00,9.690638
2022-11-30 04:30:00,9.675416
2022-11-30 05:00:00,10.600017
2022-11-30 05:30:00,10.808131
2022-11-30 06:00:00,9.920501
2022-11-30 06:30:00,10.519116
2022-11-30 07:00:00,9.865197
2022-11-30 07:30:00,9.748352
